[{"model": "sessions.session", "pk": "0quk8qlw5i60q6w6lcz72zxhycbyr84t", "fields": {"session_data": "YTlkMDNkMzY4ODNlOWVmNjZiOGNmZWZmNjU0ZGI5ZGY0MzNhYTIyZTp7Il9hdXRoX3VzZXJfaWQiOiIxIiwiX2F1dGhfdXNlcl9iYWNrZW5kIjoiZGphbmdvLmNvbnRyaWIuYXV0aC5iYWNrZW5kcy5Nb2RlbEJhY2tlbmQiLCJfYXV0aF91c2VyX2hhc2giOiJlZGY4ZmFiZjM5Mzc5MmExMDY0MzBhODg3MTEzMGMxODI3NWQ3ZDNjIn0=", "expire_date": "2019-12-08T02:50:13.359Z"}}, {"model": "sessions.session", "pk": "1nbrf120nrih32goqlcub8bvo9q6zzn1", "fields": {"session_data": "Mjk3ZTBiNzY1YzE2NDk5NzA5ZmMyOTVjNzMyMWQ1ZWUwZTBmNWNhNjp7Il9hdXRoX3VzZXJfaWQiOiIyNyIsIl9hdXRoX3VzZXJfYmFja2VuZCI6ImRqYW5nby5jb250cmliLmF1dGguYmFja2VuZHMuTW9kZWxCYWNrZW5kIiwiX2F1dGhfdXNlcl9oYXNoIjoiMjZiMWYxZmM1NDlhN2JlNWY0ZjIyZjkwMDc0NjlhMTFiNTM3YjQxMCJ9", "expire_date": "2019-12-18T11:38:17.542Z"}}, {"model": "sessions.session", "pk": "252cuqzkgoqntuo6cvbupvimox16xc3h", "fields": {"session_data": "YTlkMDNkMzY4ODNlOWVmNjZiOGNmZWZmNjU0ZGI5ZGY0MzNhYTIyZTp7Il9hdXRoX3VzZXJfaWQiOiIxIiwiX2F1dGhfdXNlcl9iYWNrZW5kIjoiZGphbmdvLmNvbnRyaWIuYXV0aC5iYWNrZW5kcy5Nb2RlbEJhY2tlbmQiLCJfYXV0aF91c2VyX2hhc2giOiJlZGY4ZmFiZjM5Mzc5MmExMDY0MzBhODg3MTEzMGMxODI3NWQ3ZDNjIn0=", "expire_date": "2019-11-02T18:16:51.845Z"}}, {"model": "sessions.session", "pk": "2ijvhbexpodml1nro48e25sk1n42vir2", "fields": {"session_data": "YTlkMDNkMzY4ODNlOWVmNjZiOGNmZWZmNjU0ZGI5ZGY0MzNhYTIyZTp7Il9hdXRoX3VzZXJfaWQiOiIxIiwiX2F1dGhfdXNlcl9iYWNrZW5kIjoiZGphbmdvLmNvbnRyaWIuYXV0aC5iYWNrZW5kcy5Nb2RlbEJhY2tlbmQiLCJfYXV0aF91c2VyX2hhc2giOiJlZGY4ZmFiZjM5Mzc5MmExMDY0MzBhODg3MTEzMGMxODI3NWQ3ZDNjIn0=", "expire_date": "2019-12-31T15:43:31.859Z"}}, {"model": "sessions.session", "pk": "42r0op50qux9ee2op6wf5p6h4ink3ldt", "fields": {"session_data": "OGNkYWVmYjk3OGQ0ZWI1YTNmNTdmZmQxMDQ5ZjYxZTU3NDRiNjBiZDp7Il9hdXRoX3VzZXJfaWQiOiIxMyIsIl9hdXRoX3VzZXJfYmFja2VuZCI6ImRqYW5nby5jb250cmliLmF1dGguYmFja2VuZHMuTW9kZWxCYWNrZW5kIiwiX2F1dGhfdXNlcl9oYXNoIjoiZGM3Njk3NjA0YzI0ODRmNDYxZmFkNDllNWFhNzc2ZTYyZTNlYzczZCJ9", "expire_date": "2019-10-22T01:04:59.213Z"}}, {"model": "sessions.session", "pk": "4i3ugdp5ng3opzwg5xowcagdfpgvnh7u", "fields": {"session_data": "OTUwOGRmZGRlMGQ5MjQ1MTNhYzk5NjMyNjkxMGJkNTg3YmYyNjY4YTp7Il9hdXRoX3VzZXJfaWQiOiIxIiwiX2F1dGhfdXNlcl9oYXNoIjoiZDMyM2M2NGM3MzExOTZmNzZkYjk4NmYwYTM0YTg4MDgxYWUyNjVkMSIsIl9hdXRoX3VzZXJfYmFja2VuZCI6ImRqYW5nby5jb250cmliLmF1dGguYmFja2VuZHMuTW9kZWxCYWNrZW5kIn0=", "expire_date": "2019-10-13T23:21:31.858Z"}}, {"model": "sessions.session", "pk": "4vaxwl6t1lri20qi1x2ylli271h9a1vd", "fields": {"session_data": "YTlkMDNkMzY4ODNlOWVmNjZiOGNmZWZmNjU0ZGI5ZGY0MzNhYTIyZTp7Il9hdXRoX3VzZXJfaWQiOiIxIiwiX2F1dGhfdXNlcl9iYWNrZW5kIjoiZGphbmdvLmNvbnRyaWIuYXV0aC5iYWNrZW5kcy5Nb2RlbEJhY2tlbmQiLCJfYXV0aF91c2VyX2hhc2giOiJlZGY4ZmFiZjM5Mzc5MmExMDY0MzBhODg3MTEzMGMxODI3NWQ3ZDNjIn0=", "expire_date": "2019-12-14T19:53:39.286Z"}}, {"model": "sessions.session", "pk": "5gx0dkam636lyovoi7mu9sfqokfwhrbb", "fields": {"session_data": "YWFhZGRmMWMwZmViMTk5YzIwMDRjMTZmYzhlYmI3OTNjYmU4YzM5Nzp7Il9hdXRoX3VzZXJfaWQiOiIyMCIsIl9hdXRoX3VzZXJfYmFja2VuZCI6ImRqYW5nby5jb250cmliLmF1dGguYmFja2VuZHMuTW9kZWxCYWNrZW5kIiwiX2F1dGhfdXNlcl9oYXNoIjoiNzMzYzRhY2IyNzhiMDNjNzYyZGM3NzU3NWFmNTFmNDlhNjc4ODRkNSJ9", "expire_date": "2019-11-26T09:03:12.729Z"}}, {"model": "sessions.session", "pk": "5nivc53c1ldu3ktuu8okuv7zaq5hcq8y", "fields": {"session_data": "YTlkMDNkMzY4ODNlOWVmNjZiOGNmZWZmNjU0ZGI5ZGY0MzNhYTIyZTp7Il9hdXRoX3VzZXJfaWQiOiIxIiwiX2F1dGhfdXNlcl9iYWNrZW5kIjoiZGphbmdvLmNvbnRyaWIuYXV0aC5iYWNrZW5kcy5Nb2RlbEJhY2tlbmQiLCJfYXV0aF91c2VyX2hhc2giOiJlZGY4ZmFiZjM5Mzc5MmExMDY0MzBhODg3MTEzMGMxODI3NWQ3ZDNjIn0=", "expire_date": "2019-12-17T05:32:48.029Z"}}, {"model": "sessions.session", "pk": "642n2cp26w7h6n55q74q8ko6q2layvzs", "fields": {"session_data": "Y2U0MDg0ZTU5YWVjOWY5MTI5OWY0MzMwNzE5NDZlNWZmZjNkZDg2ZDp7Il9hdXRoX3VzZXJfaWQiOiIyMyIsIl9hdXRoX3VzZXJfYmFja2VuZCI6ImRqYW5nby5jb250cmliLmF1dGguYmFja2VuZHMuTW9kZWxCYWNrZW5kIiwiX2F1dGhfdXNlcl9oYXNoIjoiYzhlNTcwM2RjODFmMTE3ZjljYjQyOGMyNzgwOTA4Yjc2NzY5NmQ0NiJ9", "expire_date": "2019-12-05T19:02:41.251Z"}}, {"model": "sessions.session", "pk": "7wt6vfiz8c6oikimw1e904a8bcodo6p0", "fields": {"session_data": "NzEyMzNjMDY2ZDAwZjFiZDE5OTgxYTgwNTdjMjRkMThhYzg3OTg2YTp7Il9hdXRoX3VzZXJfaWQiOiIxOCIsIl9hdXRoX3VzZXJfYmFja2VuZCI6ImRqYW5nby5jb250cmliLmF1dGguYmFja2VuZHMuTW9kZWxCYWNrZW5kIiwiX2F1dGhfdXNlcl9oYXNoIjoiMWVkM2YwZDgzOWJhNmI0NGU4MTY3MDlmMjg4NzFlZjc2YzE4ODllYyJ9", "expire_date": "2019-11-26T00:12:29.616Z"}}, {"model": "sessions.session", "pk": "dqf2alqwv03qhcevkkyltb5qrqf6nokq", "fields": {"session_data": "YjhlZjhjOTQ5YjVhZTY5YjVkNzI0ODBiMDZkNmM1ZmY4NmVmMjU3MTp7Il9hdXRoX3VzZXJfaWQiOiIxNyIsIl9hdXRoX3VzZXJfYmFja2VuZCI6ImRqYW5nby5jb250cmliLmF1dGguYmFja2VuZHMuTW9kZWxCYWNrZW5kIiwiX2F1dGhfdXNlcl9oYXNoIjoiOWI0ZjhlNjE5OTM0MWY3N2NlMzQwOTNlNjBmNThjMmE5YzczNTYxNCJ9", "expire_date": "2019-11-17T03:08:31.362Z"}}, {"model": "sessions.session", "pk": "ffmrq91tlpcuajokg4fbfuzfzya9fx2u", "fields": {"session_data": "ZjNjODQ4YWRhMjI2MTU2ODgzZDZhM2ZlNjY4MmFlZjYxMjViNTFiODp7Il9hdXRoX3VzZXJfaWQiOiIyNSIsIl9hdXRoX3VzZXJfYmFja2VuZCI6ImRqYW5nby5jb250cmliLmF1dGguYmFja2VuZHMuTW9kZWxCYWNrZW5kIiwiX2F1dGhfdXNlcl9oYXNoIjoiZmJjMzM1ZjdhNDViMDk2ZWJmMzZmZGI2ZTBmZGFmNzZjZTAwN2M1MiJ9", "expire_date": "2019-12-08T13:58:07.120Z"}}, {"model": "sessions.session", "pk": "gb2xyvr3lfluvjuswre5tg9ew24fovbc", "fields": {"session_data": "NzEyMzNjMDY2ZDAwZjFiZDE5OTgxYTgwNTdjMjRkMThhYzg3OTg2YTp7Il9hdXRoX3VzZXJfaWQiOiIxOCIsIl9hdXRoX3VzZXJfYmFja2VuZCI6ImRqYW5nby5jb250cmliLmF1dGguYmFja2VuZHMuTW9kZWxCYWNrZW5kIiwiX2F1dGhfdXNlcl9oYXNoIjoiMWVkM2YwZDgzOWJhNmI0NGU4MTY3MDlmMjg4NzFlZjc2YzE4ODllYyJ9", "expire_date": "2019-11-26T00:47:06.537Z"}}, {"model": "sessions.session", "pk": "hbr7w2e2ywr6dom2ug8h037ytiw2sxpv", "fields": {"session_data": "NzEyMzNjMDY2ZDAwZjFiZDE5OTgxYTgwNTdjMjRkMThhYzg3OTg2YTp7Il9hdXRoX3VzZXJfaWQiOiIxOCIsIl9hdXRoX3VzZXJfYmFja2VuZCI6ImRqYW5nby5jb250cmliLmF1dGguYmFja2VuZHMuTW9kZWxCYWNrZW5kIiwiX2F1dGhfdXNlcl9oYXNoIjoiMWVkM2YwZDgzOWJhNmI0NGU4MTY3MDlmMjg4NzFlZjc2YzE4ODllYyJ9", "expire_date": "2019-12-03T14:49:05.984Z"}}, {"model": "sessions.session", "pk": "i2d8uby9qvoa6ihdkcxq02bupl7ejwda", "fields": {"session_data": "NzEyMzNjMDY2ZDAwZjFiZDE5OTgxYTgwNTdjMjRkMThhYzg3OTg2YTp7Il9hdXRoX3VzZXJfaWQiOiIxOCIsIl9hdXRoX3VzZXJfYmFja2VuZCI6ImRqYW5nby5jb250cmliLmF1dGguYmFja2VuZHMuTW9kZWxCYWNrZW5kIiwiX2F1dGhfdXNlcl9oYXNoIjoiMWVkM2YwZDgzOWJhNmI0NGU4MTY3MDlmMjg4NzFlZjc2YzE4ODllYyJ9", "expire_date": "2019-11-26T01:19:06.160Z"}}, {"model": "sessions.session", "pk": "lfqoktib9p1n5icolf8jw8wtwpfz6qpy", "fields": {"session_data": "OTBjYWIwNDY0NGY0NjA2MTBjNzA3NGI2NjQ5ZWU2NzU5NjljNDdmZTp7Il9hdXRoX3VzZXJfaWQiOiIyMiIsIl9hdXRoX3VzZXJfYmFja2VuZCI6ImRqYW5nby5jb250cmliLmF1dGguYmFja2VuZHMuTW9kZWxCYWNrZW5kIiwiX2F1dGhfdXNlcl9oYXNoIjoiODQ0OTA0Yzg0OWNlZWZhMjJkZWFkNTMxMzJmNzUxMWZiMDJiZTAxNiJ9", "expire_date": "2019-12-05T18:30:10.052Z"}}, {"model": "sessions.session", "pk": "m8j6bt63otwz4idhbaozu4vqhvmx9chc", "fields": {"session_data": "YTlkMDNkMzY4ODNlOWVmNjZiOGNmZWZmNjU0ZGI5ZGY0MzNhYTIyZTp7Il9hdXRoX3VzZXJfaWQiOiIxIiwiX2F1dGhfdXNlcl9iYWNrZW5kIjoiZGphbmdvLmNvbnRyaWIuYXV0aC5iYWNrZW5kcy5Nb2RlbEJhY2tlbmQiLCJfYXV0aF91c2VyX2hhc2giOiJlZGY4ZmFiZjM5Mzc5MmExMDY0MzBhODg3MTEzMGMxODI3NWQ3ZDNjIn0=", "expire_date": "2019-11-02T15:40:19.790Z"}}, {"model": "sessions.session", "pk": "np5y56poiwpf9zrltidtt0wlnd2tct8h", "fields": {"session_data": "MjkyOGFmNTk1YzZmYWY0YTYzYzdlYzk1Y2M1ZDdjNDY5YWU2YzY2Mzp7fQ==", "expire_date": "2019-12-06T07:58:24.791Z"}}, {"model": "sessions.session", "pk": "tcbhn3pz3r0lqz63h4dt55zwwc92yn17", "fields": {"session_data": "OWVkZmVmNTczOGU2YTNkMjFkZWQ2YzlmNjI4ZmE4NDcyMzBlOWNiNTp7Il9hdXRoX3VzZXJfaWQiOiIyOCIsIl9hdXRoX3VzZXJfYmFja2VuZCI6ImRqYW5nby5jb250cmliLmF1dGguYmFja2VuZHMuTW9kZWxCYWNrZW5kIiwiX2F1dGhfdXNlcl9oYXNoIjoiYTNlN2M3MjRkNWQ2MjM5NjRhZmNhMGQzYWM3ZDYxMzE4MzM4MmQyMCJ9", "expire_date": "2020-01-09T14:09:34.889Z"}}, {"model": "sessions.session", "pk": "vjc98b4loqmb9r72hp2k5k7v822eqvuj", "fields": {"session_data": "MTFhNDc1ZTI1OTUzNDAwYmRhMDRiODlmNDQxODAxZDc4MGUwYmRmYjp7Il9hdXRoX3VzZXJfaWQiOiIyNCIsIl9hdXRoX3VzZXJfYmFja2VuZCI6ImRqYW5nby5jb250cmliLmF1dGguYmFja2VuZHMuTW9kZWxCYWNrZW5kIiwiX2F1dGhfdXNlcl9oYXNoIjoiZTQ5ODNlMDQxMDk1NjAxN2QwMGRkZDI5MzIxOTlkYjBmMGM1NTkzOCJ9", "expire_date": "2019-12-06T07:49:40.794Z"}}, {"model": "sessions.session", "pk": "wzqa924qkfachnjjf5isw7dvffxgwpas", "fields": {"session_data": "MDk3MjNkM2QyNDZhMmZkMjNhMjU1MDRjMGI1Y2EwM2RlZWFkY2EzMDp7Il9hdXRoX3VzZXJfaWQiOiIxMCIsIl9hdXRoX3VzZXJfYmFja2VuZCI6ImRqYW5nby5jb250cmliLmF1dGguYmFja2VuZHMuTW9kZWxCYWNrZW5kIiwiX2F1dGhfdXNlcl9oYXNoIjoiZmEyZjdiOWRjNGQxMTAxMzRmNWEzMWZhN2NiNjhhYzIwN2RhZTYyNiJ9", "expire_date": "2019-12-26T23:40:59.260Z"}}, {"model": "sessions.session", "pk": "xucottciunfg68ix20tz4lp6znvl0bob", "fields": {"session_data": "OTUwOGRmZGRlMGQ5MjQ1MTNhYzk5NjMyNjkxMGJkNTg3YmYyNjY4YTp7Il9hdXRoX3VzZXJfaWQiOiIxIiwiX2F1dGhfdXNlcl9oYXNoIjoiZDMyM2M2NGM3MzExOTZmNzZkYjk4NmYwYTM0YTg4MDgxYWUyNjVkMSIsIl9hdXRoX3VzZXJfYmFja2VuZCI6ImRqYW5nby5jb250cmliLmF1dGguYmFja2VuZHMuTW9kZWxCYWNrZW5kIn0=", "expire_date": "2019-10-13T22:40:36.418Z"}}, {"model": "sessions.session", "pk": "zg18kfm176c5wc99pjk36hd2kvxaj19h", "fields": {"session_data": "MjkyOGFmNTk1YzZmYWY0YTYzYzdlYzk1Y2M1ZDdjNDY5YWU2YzY2Mzp7fQ==", "expire_date": "2019-12-06T07:57:58.810Z"}}, {"model": "sessions.session", "pk": "zyauou2tskadxk9tssd5qslt4k694fjm", "fields": {"session_data": "MjA5MzcyZTVhNWMxNGFlN2IwYWY2ZmNkMWI0Y2E0YWU1NGI5Y2UzZjp7Il9wYXNzd29yZF9yZXNldF90b2tlbiI6IjVjNy00YThlZTk2ZjljN2JmMTlkNjkzYyJ9", "expire_date": "2019-12-26T23:39:43.876Z"}}, {"model": "blog.tag", "pk": 1, "fields": {"name": "Python", "description": "Python"}}, {"model": "blog.tag", "pk": 2, "fields": {"name": "Programmation", "description": "Programmation"}}, {"model": "course.language", "pk": 1, "fields": {"name": "Wolof", "abr": "WO"}}, {"model": "course.category", "pk": 1, "fields": {"name": "Programmation", "description": "Programmation"}}, {"model": "course.category", "pk": 2, "fields": {"name": "Python", "description": "Python"}}, {"model": "course.category", "pk": 3, "fields": {"name": "Html", "description": "Html"}}, {"model": "course.category", "pk": 4, "fields": {"name": "Django", "description": "Django"}}, {"model": "course.chapter", "pk": 1, "fields": {"name": "Introduction", "course": 1, "slug": "introduction", "date_created": "2019-09-29T23:30:38.332Z", "drafted": false}}, {"model": "course.chapter", "pk": 2, "fields": {"name": "Installation", "course": 1, "slug": "installation", "date_created": "2019-09-29T23:35:06.422Z", "drafted": false}}, {"model": "course.chapter", "pk": 3, "fields": {"name": "Les bases", "course": 1, "slug": "les-bases", "date_created": "2019-10-13T17:45:22.137Z", "drafted": false}}, {"model": "course.chapter", "pk": 4, "fields": {"name": "Les conditions", "course": 1, "slug": "les-conditions", "date_created": "2019-10-13T17:52:33.413Z", "drafted": false}}, {"model": "course.chapter", "pk": 5, "fields": {"name": "Les boucles", "course": 1, "slug": "les-boucles", "date_created": "2019-10-13T17:55:22.732Z", "drafted": false}}, {"model": "course.chapter", "pk": 6, "fields": {"name": "Les structures de donn\u00e9es", "course": 1, "slug": "les-structures-de-donnees", "date_created": "2019-10-13T17:57:16.719Z", "drafted": false}}, {"model": "course.chapter", "pk": 7, "fields": {"name": "Les fonctions", "course": 1, "slug": "les-fonctions", "date_created": "2019-10-13T18:03:45.289Z", "drafted": false}}, {"model": "course.chapter", "pk": 8, "fields": {"name": "Introduction", "course": 2, "slug": "introduction-1", "date_created": "2019-10-19T15:46:22.124Z", "drafted": false}}, {"model": "course.chapter", "pk": 9, "fields": {"name": "Introduction", "course": 3, "slug": "introduction-2", "date_created": "2019-11-11T13:34:00.497Z", "drafted": false}}, {"model": "course.chapter", "pk": 10, "fields": {"name": "Installation et configuration", "course": 3, "slug": "installation-et-configuration", "date_created": "2019-11-21T17:31:58.640Z", "drafted": false}}, {"model": "course.chapter", "pk": 11, "fields": {"name": "Django ORM", "course": 3, "slug": "django-orm", "date_created": "2019-11-21T17:38:08.352Z", "drafted": false}}, {"model": "course.chapter", "pk": 12, "fields": {"name": "Urls, Views et Templates", "course": 3, "slug": "urls-views-et-templates", "date_created": "2019-12-03T05:37:56.125Z", "drafted": false}}, {"model": "course.chapter", "pk": 13, "fields": {"name": "Authentification", "course": 3, "slug": "authentification", "date_created": "2019-12-03T05:44:25.286Z", "drafted": false}}, {"model": "course.lesson", "pk": 1, "fields": {"title": "Introduction", "text": "", "slug": "introduction", "file": "", "resource_link": null, "video_id": "3mU5-8wgVBI", "duration": 4, "platform": "Youtube", "chapter": 1, "drafted": false}}, {"model": "course.lesson", "pk": 2, "fields": {"title": "Installation Python pour Windows", "text": "", "slug": "installation-python-pour-windows", "file": "", "resource_link": null, "video_id": "FAIhJePz7Bg", "duration": 3, "platform": "Youtube", "chapter": 2, "drafted": false}}, {"model": "course.lesson", "pk": 3, "fields": {"title": "Installation Python pour Linux", "text": "", "slug": "installation-python-pour-linux", "file": "", "resource_link": null, "video_id": "tqk0c-O6SkI", "duration": 2, "platform": "Youtube", "chapter": 2, "drafted": false}}, {"model": "course.lesson", "pk": 4, "fields": {"title": "Installation VS Code pour Windows", "text": "", "slug": "installation-vs-code-pour-windows", "file": "", "resource_link": null, "video_id": "wfnLXfQNB6o", "duration": 4, "platform": "Youtube", "chapter": 2, "drafted": false}}, {"model": "course.lesson", "pk": 5, "fields": {"title": "Installation VS Code pour Linux", "text": "", "slug": "installation-vs-code-pour-linux", "file": "", "resource_link": null, "video_id": "tYhPVuGjcsI", "duration": 3, "platform": "Youtube", "chapter": 2, "drafted": false}}, {"model": "course.lesson", "pk": 6, "fields": {"title": "Ecrire votre premier programme", "text": "", "slug": "ecrire-votre-premier-programme", "file": "", "resource_link": null, "video_id": "Ed65u4UBPjI", "duration": 3, "platform": "Youtube", "chapter": 3, "drafted": false}}, {"model": "course.lesson", "pk": 7, "fields": {"title": "Les variables | Definition et utilisation", "text": "", "slug": "les-variables-definition", "file": "", "resource_link": null, "video_id": "zQSG1fJXjoI", "duration": 3, "platform": "Youtube", "chapter": 3, "drafted": false}}, {"model": "course.lesson", "pk": 8, "fields": {"title": "Convertir une variable", "text": "", "slug": "convertir-une-variable", "file": "", "resource_link": null, "video_id": "T_6oW86hrlI", "duration": 6, "platform": "Youtube", "chapter": 3, "drafted": false}}, {"model": "course.lesson", "pk": 9, "fields": {"title": "Les bool\u00e9ens", "text": "", "slug": "les-booleens", "file": "", "resource_link": null, "video_id": "GImMkVanSLA", "duration": 4, "platform": "Youtube", "chapter": 3, "drafted": false}}, {"model": "course.lesson", "pk": 10, "fields": {"title": "Les op\u00e9rateurs math\u00e9matiques p1", "text": "", "slug": "les-operateurs-mathematiques-p1", "file": "", "resource_link": null, "video_id": "MScnyj2BRhw", "duration": 8, "platform": "Youtube", "chapter": 3, "drafted": false}}, {"model": "course.lesson", "pk": 11, "fields": {"title": "Les op\u00e9rateurs math\u00e9matiques p2", "text": "", "slug": "les-operateurs-mathematiques-p2", "file": "", "resource_link": null, "video_id": "tpxr8rRjkgE", "duration": 6, "platform": "Youtube", "chapter": 3, "drafted": false}}, {"model": "course.lesson", "pk": 12, "fields": {"title": "Les op\u00e9rateurs de comparaison", "text": "", "slug": "les-operateurs-de-comparaison", "file": "", "resource_link": null, "video_id": "Z5trv9vmxcU", "duration": 5, "platform": "Youtube", "chapter": 3, "drafted": false}}, {"model": "course.lesson", "pk": 13, "fields": {"title": "Les fonctions de base", "text": "", "slug": "les-fonctions-de-base", "file": "", "resource_link": null, "video_id": "Kmms06DuhDY", "duration": 7, "platform": "Youtube", "chapter": 3, "drafted": false}}, {"model": "course.lesson", "pk": 14, "fields": {"title": "La condition IF", "text": "", "slug": "la-condition-if", "file": "", "resource_link": null, "video_id": "DvIxBQr49dA", "duration": 4, "platform": "Youtube", "chapter": 4, "drafted": false}}, {"model": "course.lesson", "pk": 15, "fields": {"title": "La condition ELSE", "text": "", "slug": "la-condition-elese", "file": "", "resource_link": null, "video_id": "Z3A87ZQYsaE", "duration": 3, "platform": "Youtube", "chapter": 4, "drafted": false}}, {"model": "course.lesson", "pk": 16, "fields": {"title": "La condition ELIF(Else IF)", "text": "", "slug": "la-condition-elifelse-if", "file": "", "resource_link": null, "video_id": "Z3A87ZQYsaE", "duration": 6, "platform": "Youtube", "chapter": 4, "drafted": false}}, {"model": "course.lesson", "pk": 17, "fields": {"title": "Boucle FOR", "text": "", "slug": "boucle-for", "file": "", "resource_link": null, "video_id": "lyPlM7mXTe8", "duration": 6, "platform": "Youtube", "chapter": 5, "drafted": false}}, {"model": "course.lesson", "pk": 18, "fields": {"title": "Boucle While", "text": "", "slug": "boucle-while", "file": "", "resource_link": null, "video_id": "bWdOfnxN8i0", "duration": 7, "platform": "Youtube", "chapter": 5, "drafted": false}}, {"model": "course.lesson", "pk": 19, "fields": {"title": "Les listes - Cr\u00e9er votre premiere liste", "text": "", "slug": "les-listes", "file": "", "resource_link": null, "video_id": "xhl2dzoWY6g", "duration": 8, "platform": "Youtube", "chapter": 6, "drafted": false}}, {"model": "course.lesson", "pk": 20, "fields": {"title": "Les listes - Manipulation d'une liste", "text": "", "slug": "les-listes-manipulation-dune-liste", "file": "", "resource_link": null, "video_id": "ma4IrS08hHk", "duration": 9, "platform": "Youtube", "chapter": 6, "drafted": false}}, {"model": "course.lesson", "pk": 21, "fields": {"title": "Les listes - Boucle et liste", "text": "", "slug": "les-listes-boucle-et-liste", "file": "", "resource_link": null, "video_id": "d4rmuMPBAb0", "duration": 5, "platform": "Youtube", "chapter": 6, "drafted": false}}, {"model": "course.lesson", "pk": 22, "fields": {"title": "Les Tuples", "text": "", "slug": "les-tuples", "file": "", "resource_link": null, "video_id": "FGnhiXVP2FE", "duration": 4, "platform": "Youtube", "chapter": 6, "drafted": false}}, {"model": "course.lesson", "pk": 23, "fields": {"title": "Les Tuples - partie 2", "text": "", "slug": "les-tuples-partie-2", "file": "", "resource_link": null, "video_id": "bvMoNP-X6HY", "duration": 5, "platform": "Youtube", "chapter": 6, "drafted": false}}, {"model": "course.lesson", "pk": 24, "fields": {"title": "Les dictionnaires - Introduction", "text": "", "slug": "les-dictionnaires-introduction", "file": "", "resource_link": null, "video_id": "3NSDPdwjM_E", "duration": 6, "platform": "Youtube", "chapter": 6, "drafted": false}}, {"model": "course.lesson", "pk": 25, "fields": {"title": "Les dictionnaires - Boucler dans un dictionnaire", "text": "", "slug": "les-dictionnaires-boucler-dans-un-dictionnaire", "file": "", "resource_link": null, "video_id": "AiH_ggVsBHE", "duration": 4, "platform": "Youtube", "chapter": 6, "drafted": false}}, {"model": "course.lesson", "pk": 26, "fields": {"title": "Les fonctions - Cr\u00e9er votre premiere fonction", "text": "", "slug": "les-fonctions-creer-votre-premiere-fonction", "file": "", "resource_link": null, "video_id": "KozoSznsZmU", "duration": 4, "platform": "Youtube", "chapter": 7, "drafted": false}}, {"model": "course.lesson", "pk": 27, "fields": {"title": "Les fonctions - Ajouter des arguments(Parameters)", "text": "", "slug": "les-fonctions-ajouter-des-argumentsparameters", "file": "", "resource_link": null, "video_id": "I4AnxyQcnkE", "duration": 6, "platform": "Youtube", "chapter": 7, "drafted": false}}, {"model": "course.lesson", "pk": 28, "fields": {"title": "Les fonctions - Aller plus loin", "text": "", "slug": "les-fonctions-aller-plus-loin", "file": "", "resource_link": null, "video_id": "s4Ip-DJ45Jc", "duration": 6, "platform": "Youtube", "chapter": 7, "drafted": false}}, {"model": "course.lesson", "pk": 29, "fields": {"title": "Introduction et pr\u00e9requis", "text": "<p>Dans cette video je vais vous introduire sur ce qu'on va cr\u00e9er.</p>", "slug": "introduction-et-prerequis", "file": "2129202948163/2129202948163.jpg", "resource_link": null, "video_id": "9dEIs-aOamc", "duration": 5, "platform": "Youtube", "chapter": 8, "drafted": false}}, {"model": "course.lesson", "pk": 30, "fields": {"title": "Presentation de la formation", "text": "<p>Presentation de la formation Django<br></p>", "slug": "presentation-de-la-formation", "file": "", "resource_link": null, "video_id": "S3RuYdJO-SA", "duration": 3, "platform": "Youtube", "chapter": 9, "drafted": false}}, {"model": "course.lesson", "pk": 31, "fields": {"title": "Les fondamentaux du Web", "text": "<p>Les fondamentaux du Web<br></p>", "slug": "les-fondamentaux-du-web", "file": "", "resource_link": null, "video_id": "UcWb8ATin3o", "duration": 8, "platform": "Youtube", "chapter": 9, "drafted": false}}, {"model": "course.lesson", "pk": 32, "fields": {"title": "Installation et configuration", "text": "<p>Installation et configuration<br></p>", "slug": "installation-et-configuration", "file": "", "resource_link": null, "video_id": "bw_BHGWNquY", "duration": 11, "platform": "Youtube", "chapter": 10, "drafted": false}}, {"model": "course.lesson", "pk": 33, "fields": {"title": "Installation de Django", "text": "", "slug": "installation-de-django", "file": "", "resource_link": null, "video_id": "VvVWJHbx1Yk", "duration": 6, "platform": "Youtube", "chapter": 10, "drafted": false}}, {"model": "course.lesson", "pk": 34, "fields": {"title": "Votre premier projet", "text": "", "slug": "votre-premier-projet", "file": "", "resource_link": null, "video_id": "04aiJFOuB0Q", "duration": 7, "platform": "Youtube", "chapter": 10, "drafted": false}}, {"model": "course.lesson", "pk": 35, "fields": {"title": "Administration de Django", "text": "", "slug": "administration-de-django", "file": "", "resource_link": null, "video_id": "k4nxI4R92iI", "duration": 5, "platform": "Youtube", "chapter": 10, "drafted": false}}, {"model": "course.lesson", "pk": 36, "fields": {"title": "Votre premiere application", "text": "", "slug": "votre-premiere-application", "file": "", "resource_link": null, "video_id": "hdfHaH3WosE", "duration": 6, "platform": "Youtube", "chapter": 10, "drafted": false}}, {"model": "course.lesson", "pk": 37, "fields": {"title": "Django ORM", "text": "", "slug": "django-orm", "file": "", "resource_link": null, "video_id": "hdfHaH3WosE", "duration": 9, "platform": "Youtube", "chapter": 11, "drafted": false}}, {"model": "course.lesson", "pk": 38, "fields": {"title": "Django Models", "text": "", "slug": "django-models", "file": "", "resource_link": null, "video_id": "I6fc9QHDlV8", "duration": 11, "platform": "Youtube", "chapter": 11, "drafted": false}}, {"model": "course.lesson", "pk": 39, "fields": {"title": "Django Les URLS", "text": "", "slug": "django-les-urls", "file": "", "resource_link": null, "video_id": "efEibCMOEsg", "duration": 5, "platform": "Youtube", "chapter": 12, "drafted": false}}, {"model": "course.lesson", "pk": 40, "fields": {"title": "Django Les views", "text": "", "slug": "django-les-views", "file": "", "resource_link": null, "video_id": "NTe_K15fv10", "duration": 6, "platform": "Youtube", "chapter": 12, "drafted": false}}, {"model": "course.lesson", "pk": 41, "fields": {"title": "Django Les templates", "text": "", "slug": "django-les-templates", "file": "", "resource_link": null, "video_id": "A56rniXXKww", "duration": 9, "platform": "Youtube", "chapter": 12, "drafted": false}}, {"model": "course.lesson", "pk": 42, "fields": {"title": "Introduction au Bootstrap", "text": "", "slug": "introduction-au-bootstrap", "file": "", "resource_link": null, "video_id": "XG_VYRvUXUE", "duration": 9, "platform": "Youtube", "chapter": 12, "drafted": false}}, {"model": "course.lesson", "pk": 43, "fields": {"title": "Les balises de Django, Template tags", "text": "", "slug": "les-balises-de-django-template-tags", "file": "", "resource_link": null, "video_id": "IxfZF06XlPQ", "duration": 11, "platform": "Youtube", "chapter": 12, "drafted": false}}, {"model": "course.lesson", "pk": 44, "fields": {"title": "Afficher la liste des contacts", "text": "", "slug": "afficher-la-liste-des-contacts", "file": "", "resource_link": null, "video_id": "xx8fW-E3nNA", "duration": 12, "platform": "Youtube", "chapter": 12, "drafted": false}}, {"model": "course.lesson", "pk": 45, "fields": {"title": "Afficher les details d'un contacts", "text": "", "slug": "afficher-les-details-dun-contacts", "file": "", "resource_link": null, "video_id": "oDBXQUQQJ2k", "duration": 8, "platform": "Youtube", "chapter": 12, "drafted": false}}, {"model": "course.lesson", "pk": 46, "fields": {"title": "Cr\u00e9er des urls Dynamiques", "text": "", "slug": "creer-des-urls-dynamiques", "file": "", "resource_link": null, "video_id": "bXmVAkxABMA", "duration": 7, "platform": "Youtube", "chapter": 12, "drafted": false}}, {"model": "course.lesson", "pk": 47, "fields": {"title": "Les d\u00e9corateurs", "text": "", "slug": "les-decorateurs", "file": "", "resource_link": null, "video_id": "-SFb3_-msuE", "duration": 4, "platform": "Youtube", "chapter": 13, "drafted": false}}, {"model": "course.lesson", "pk": 48, "fields": {"title": "Authentifier un utilisateur / Connexion", "text": "", "slug": "authentifier-un-utilisateur-connexion", "file": "", "resource_link": null, "video_id": "9B1fdF5frwA", "duration": 15, "platform": "Youtube", "chapter": 13, "drafted": false}}, {"model": "course.lesson", "pk": 49, "fields": {"title": "Authentifier un utilisateur / Connexion partie 2", "text": "", "slug": "authentifier-un-utilisateur-connexion-partie-2", "file": "", "resource_link": null, "video_id": "FhO55dXkyv0", "duration": 10, "platform": "Youtube", "chapter": 13, "drafted": false}}, {"model": "pages.subscribe", "pk": 1, "fields": {"email_id": "mstspr1155@gmail.com", "timestamp": "2019-09-30T18:12:44.219Z"}}, {"model": "pages.subscribe", "pk": 2, "fields": {"email_id": "tinegalass@gmail.com", "timestamp": "2019-10-08T02:12:18.508Z"}}, {"model": "pages.subscribe", "pk": 3, "fields": {"email_id": "baseydou95@gmail.com", "timestamp": "2019-11-12T01:17:38.543Z"}}, {"model": "pages.subscribe", "pk": 4, "fields": {"email_id": "cheikhahmad@live.fr", "timestamp": "2019-11-24T16:33:42.664Z"}}, {"model": "pages.subscribe", "pk": 5, "fields": {"email_id": "demeseydou@gmail.com", "timestamp": "2019-12-06T23:26:01.339Z"}}, {"model": "pages.subscribe", "pk": 6, "fields": {"email_id": "arakh9@gmail.com", "timestamp": "2019-12-15T19:58:17.864Z"}}, {"model": "users.customuser", "pk": 1, "fields": {"password": "pbkdf2_sha256$150000$5g60rHxhq5sZ$J/fUXVm5awE81OZyGgrMTde/4wW2+dEeK4/ibnSlln0=", "last_login": "2019-12-17T15:43:31.785Z", "is_superuser": true, "first_name": "", "last_name": "", "is_staff": true, "is_active": true, "date_joined": "2019-09-29T11:57:15.370Z", "email": "mstspr1155@gmail.com", "scoial": null, "avatar": "8866221718730/8866221718730.png", "bio": "", "user_type": "ST", "groups": [], "user_permissions": []}}, {"model": "users.customuser", "pk": 2, "fields": {"password": "pbkdf2_sha256$150000$OQZEXIZppqSX$geek3vS9Jh7zhXI/P00CQgDxKE72TMUnSvmzlnwUj18=", "last_login": null, "is_superuser": false, "first_name": "", "last_name": "", "is_staff": false, "is_active": true, "date_joined": "2019-09-29T22:40:58.551Z", "email": "aliounebadaradiouf7@gmail.com", "scoial": null, "avatar": "", "bio": "", "user_type": "ST", "groups": [], "user_permissions": []}}, {"model": "users.customuser", "pk": 3, "fields": {"password": "pbkdf2_sha256$150000$Fi8asyiDZL1v$IAH4BvK+yA52JykC+2B4EYCyN644pAbRP95hKJFDJ+k=", "last_login": null, "is_superuser": false, "first_name": "", "last_name": "", "is_staff": false, "is_active": true, "date_joined": "2019-09-29T22:41:18.517Z", "email": "babacar.mbengue10@gmail.com", "scoial": null, "avatar": "", "bio": "", "user_type": "ST", "groups": [], "user_permissions": []}}, {"model": "users.customuser", "pk": 4, "fields": {"password": "pbkdf2_sha256$150000$5fl0GY7Xvoys$ZBMYhAeNAOMY0MQBgjU8DxRL2SxfgeIZUrZdc59udzM=", "last_login": null, "is_superuser": false, "first_name": "", "last_name": "", "is_staff": false, "is_active": true, "date_joined": "2019-09-29T22:41:37.723Z", "email": "diassemambaye6@gmail.com", "scoial": null, "avatar": "", "bio": "", "user_type": "ST", "groups": [], "user_permissions": []}}, {"model": "users.customuser", "pk": 5, "fields": {"password": "pbkdf2_sha256$150000$XkIZVkToeTAy$BF2SmpqjZsjweMU8Sc10VsFHd8QwfqDXA7wTK/ybf3M=", "last_login": null, "is_superuser": false, "first_name": "", "last_name": "", "is_staff": false, "is_active": true, "date_joined": "2019-09-29T22:41:54.825Z", "email": "engires1813@gmail.com", "scoial": null, "avatar": "", "bio": "", "user_type": "ST", "groups": [], "user_permissions": []}}, {"model": "users.customuser", "pk": 6, "fields": {"password": "pbkdf2_sha256$150000$qFoCN9IX0llb$rGbPkiimnm0gppNtGDLy1EaUX07nmOJAw0Rviw/tMnE=", "last_login": null, "is_superuser": false, "first_name": "", "last_name": "", "is_staff": false, "is_active": true, "date_joined": "2019-09-29T22:42:10.537Z", "email": "issa@gmail.com", "scoial": null, "avatar": "", "bio": "", "user_type": "ST", "groups": [], "user_permissions": []}}, {"model": "users.customuser", "pk": 7, "fields": {"password": "pbkdf2_sha256$150000$VwjFax8gkCsJ$czuY2i/kIyT3zocg0Wj75KCbpzp4mo5L3R7w8N7P+Kw=", "last_login": null, "is_superuser": false, "first_name": "", "last_name": "", "is_staff": false, "is_active": true, "date_joined": "2019-09-29T22:42:27.207Z", "email": "nerdben1@gmail.com", "scoial": null, "avatar": "", "bio": "", "user_type": "ST", "groups": [], "user_permissions": []}}, {"model": "users.customuser", "pk": 8, "fields": {"password": "pbkdf2_sha256$150000$o24nuLkfTORH$Xw4XoguWL3DOcVR0RP3bN1oUJ1Wa5P4OB7uVNLgwTzM=", "last_login": null, "is_superuser": false, "first_name": "", "last_name": "", "is_staff": false, "is_active": true, "date_joined": "2019-09-29T22:42:47.607Z", "email": "noxise11@gmail.com", "scoial": null, "avatar": "", "bio": "", "user_type": "ST", "groups": [], "user_permissions": []}}, {"model": "users.customuser", "pk": 9, "fields": {"password": "pbkdf2_sha256$150000$n2WtOHfX3C8Y$M0aF7ZRlQ1G+KUb9Ga4IlSaz9uA8u9JIm6as6Owby5o=", "last_login": null, "is_superuser": false, "first_name": "", "last_name": "", "is_staff": false, "is_active": true, "date_joined": "2019-09-29T22:43:10.695Z", "email": "papekaan@gmail.com", "scoial": null, "avatar": "", "bio": "", "user_type": "ST", "groups": [], "user_permissions": []}}, {"model": "users.customuser", "pk": 10, "fields": {"password": "pbkdf2_sha256$150000$B4GVjhB3YpSD$FrQPxClBc3TwexSDLn145g7kyPGI64kY8bWZ0q79ErE=", "last_login": "2019-12-12T23:40:59.239Z", "is_superuser": false, "first_name": "", "last_name": "", "is_staff": false, "is_active": true, "date_joined": "2019-09-29T22:43:27.005Z", "email": "riftone07@gmail.com", "scoial": null, "avatar": "", "bio": "", "user_type": "ST", "groups": [], "user_permissions": []}}, {"model": "users.customuser", "pk": 11, "fields": {"password": "pbkdf2_sha256$150000$dhE5HnYa9COn$3NaW/GjRWCVCymOPW3ca+ARk2cW9BkyFUz8McXHq0ns=", "last_login": null, "is_superuser": false, "first_name": "", "last_name": "", "is_staff": false, "is_active": true, "date_joined": "2019-09-29T22:43:45.311Z", "email": "kevin@gmail.com", "scoial": null, "avatar": "", "bio": "", "user_type": "ST", "groups": [], "user_permissions": []}}, {"model": "users.customuser", "pk": 12, "fields": {"password": "pbkdf2_sha256$150000$tB15xJMyFhRO$IR4SBNZ72bMJbD8tmPhKre8TDEzGwBtYOjhVt/+RzrU=", "last_login": null, "is_superuser": false, "first_name": "", "last_name": "", "is_staff": false, "is_active": true, "date_joined": "2019-10-06T19:21:03.243Z", "email": "djittevip197509@gmail.com", "scoial": null, "avatar": "", "bio": "", "user_type": "ST", "groups": [], "user_permissions": []}}, {"model": "users.customuser", "pk": 13, "fields": {"password": "pbkdf2_sha256$150000$mpJx2TevERsc$3A7fsL62SBS22e7KV4IQVDCnMmOdLfXWLABeV0mO+io=", "last_login": "2019-10-08T01:04:59.123Z", "is_superuser": false, "first_name": "", "last_name": "", "is_staff": false, "is_active": true, "date_joined": "2019-10-07T23:37:53.607Z", "email": "tinegalass@gmail.com", "scoial": null, "avatar": "", "bio": "", "user_type": "ST", "groups": [], "user_permissions": []}}, {"model": "users.customuser", "pk": 14, "fields": {"password": "pbkdf2_sha256$150000$JYJAyZsPyaWu$hcQSX9x/Cj+WkYKnktkqIh3GSc9PWsU21O1xKNGmb9Q=", "last_login": "2019-11-21T17:40:13.867Z", "is_superuser": false, "first_name": "", "last_name": "", "is_staff": false, "is_active": true, "date_joined": "2019-10-18T10:01:18.199Z", "email": "student@xarala.tech", "scoial": null, "avatar": "", "bio": "", "user_type": "ST", "groups": [], "user_permissions": []}}, {"model": "users.customuser", "pk": 15, "fields": {"password": "pbkdf2_sha256$150000$4XQnhC056NiC$4T1OOc7eI2eVsoN5/C0Gy6J45JiaWLUCXaatRIIRSvM=", "last_login": "2019-10-18T20:33:08.972Z", "is_superuser": false, "first_name": "", "last_name": "", "is_staff": false, "is_active": true, "date_joined": "2019-10-18T20:32:55.424Z", "email": "hackerone@gmail.com", "scoial": null, "avatar": "", "bio": "", "user_type": "ST", "groups": [], "user_permissions": []}}, {"model": "users.customuser", "pk": 16, "fields": {"password": "pbkdf2_sha256$150000$XFjKSgrUSWY1$gcNVXOi2a0nU3Ld1QcfyGRHktW5jyDT1dS0Ia/lL/FY=", "last_login": "2019-11-02T20:14:52.206Z", "is_superuser": false, "first_name": "", "last_name": "", "is_staff": false, "is_active": true, "date_joined": "2019-11-02T20:14:41.314Z", "email": "test2019@gmail.com", "scoial": null, "avatar": "", "bio": "", "user_type": "ST", "groups": [], "user_permissions": []}}, {"model": "users.customuser", "pk": 17, "fields": {"password": "pbkdf2_sha256$150000$pA0vyA6aijI6$Onq+t+43y1p79Xe7gAQIqGWVr5aKC6t8nU2usIsS/Ks=", "last_login": "2019-11-03T03:08:31.353Z", "is_superuser": false, "first_name": "", "last_name": "", "is_staff": false, "is_active": true, "date_joined": "2019-11-03T03:08:04.058Z", "email": "gamer004real@gmail.com", "scoial": null, "avatar": "", "bio": "", "user_type": "ST", "groups": [], "user_permissions": []}}, {"model": "users.customuser", "pk": 18, "fields": {"password": "pbkdf2_sha256$150000$URqNvFFYux5I$TtdXUBl7TjOWDU2+eUC5cKmgEO8kD9SbkOfAg883Hqw=", "last_login": "2019-11-19T14:49:05.715Z", "is_superuser": false, "first_name": "", "last_name": "", "is_staff": false, "is_active": true, "date_joined": "2019-11-12T00:11:39.544Z", "email": "baseydou95@gmail.com", "scoial": null, "avatar": "", "bio": "", "user_type": "ST", "groups": [], "user_permissions": []}}, {"model": "users.customuser", "pk": 19, "fields": {"password": "pbkdf2_sha256$150000$b5nDsgTzaL6e$872fetXJpjvOXSMQN30RnWSxNksLtcy3eXzXS8VS5xY=", "last_login": "2019-11-12T08:02:42.949Z", "is_superuser": false, "first_name": "", "last_name": "", "is_staff": false, "is_active": true, "date_joined": "2019-11-12T08:02:01.734Z", "email": "josephhenrinodichao@gmail.com", "scoial": null, "avatar": "", "bio": "", "user_type": "ST", "groups": [], "user_permissions": []}}, {"model": "users.customuser", "pk": 20, "fields": {"password": "pbkdf2_sha256$150000$zjv650o1hx8O$U9F+5nSt7slseXbX7Z+HuWTTbpqXNsf39+VQ7JBK9Bs=", "last_login": "2019-11-12T09:03:12.714Z", "is_superuser": false, "first_name": "", "last_name": "", "is_staff": false, "is_active": true, "date_joined": "2019-11-12T09:02:52.730Z", "email": "boybreezy95@gmail.com", "scoial": null, "avatar": "", "bio": "", "user_type": "ST", "groups": [], "user_permissions": []}}, {"model": "users.customuser", "pk": 21, "fields": {"password": "pbkdf2_sha256$150000$IDCjiav5j7ku$PMuRi6aw71ixag7wwn4Ki8gdBESfqdXC2pTrkJH61wU=", "last_login": null, "is_superuser": false, "first_name": "", "last_name": "", "is_staff": false, "is_active": true, "date_joined": "2019-11-21T17:24:49.217Z", "email": "papalayepro@gmail.com", "scoial": null, "avatar": "", "bio": "", "user_type": "ST", "groups": [], "user_permissions": []}}, {"model": "users.customuser", "pk": 22, "fields": {"password": "pbkdf2_sha256$150000$8Rrf82ie1aTP$LHLyxwh9LMi93xk1tBbDjEIAjn3ILvRGE+l9v3iesiQ=", "last_login": "2019-11-21T18:30:10.045Z", "is_superuser": false, "first_name": "", "last_name": "", "is_staff": false, "is_active": true, "date_joined": "2019-11-21T18:29:20.227Z", "email": "fallsouleymane4k@gmail.com", "scoial": null, "avatar": "", "bio": "", "user_type": "ST", "groups": [], "user_permissions": []}}, {"model": "users.customuser", "pk": 23, "fields": {"password": "pbkdf2_sha256$150000$XseNh6hr6PCz$xpmK+1l4aJRbIsnBsNIYb1f8gQCdXHkBiDk5l9wgIZc=", "last_login": "2019-11-21T19:02:41.204Z", "is_superuser": false, "first_name": "", "last_name": "", "is_staff": false, "is_active": true, "date_joined": "2019-11-21T18:59:41.502Z", "email": "ahmeth.amar@gmail.com", "scoial": null, "avatar": "", "bio": "", "user_type": "ST", "groups": [], "user_permissions": []}}, {"model": "users.customuser", "pk": 24, "fields": {"password": "pbkdf2_sha256$150000$sJjAUZe6jexc$4M2G4/83zaLxVJ4nhF+n9pwltvPEQ2DtprDyT6CBeaw=", "last_login": "2019-11-22T07:58:24.910Z", "is_superuser": false, "first_name": "", "last_name": "", "is_staff": false, "is_active": true, "date_joined": "2019-11-22T07:48:29.731Z", "email": "msarr28@gmail.com", "scoial": null, "avatar": "", "bio": "", "user_type": "ST", "groups": [], "user_permissions": []}}, {"model": "users.customuser", "pk": 25, "fields": {"password": "pbkdf2_sha256$150000$Im4bkU3iMcNb$KoGsc9SjONEzRyggkxUboWjnjwpR5ng08X6xYnpGMg0=", "last_login": "2019-11-24T13:58:07.075Z", "is_superuser": false, "first_name": "", "last_name": "", "is_staff": false, "is_active": true, "date_joined": "2019-11-24T13:57:39.334Z", "email": "lassana98.ls@gmail.com", "scoial": null, "avatar": "", "bio": "", "user_type": "ST", "groups": [], "user_permissions": []}}, {"model": "users.customuser", "pk": 26, "fields": {"password": "pbkdf2_sha256$150000$0Hztxmga89QL$Z5U4WTjlpGZfL3ZjuZtoFS1VmgnElRmhc3x6AnkQN3M=", "last_login": "2019-11-24T16:38:04.841Z", "is_superuser": false, "first_name": "", "last_name": "", "is_staff": false, "is_active": true, "date_joined": "2019-11-24T16:37:20.431Z", "email": "cheikhahmad@live.fr", "scoial": null, "avatar": "", "bio": "", "user_type": "ST", "groups": [], "user_permissions": []}}, {"model": "users.customuser", "pk": 27, "fields": {"password": "pbkdf2_sha256$150000$jEBdmjMSva6C$iIXe0LLi8ueckUC8Ko5ncOF9hJbuaXlS+zFRpLND4Tk=", "last_login": "2019-12-04T11:38:17.463Z", "is_superuser": false, "first_name": "", "last_name": "", "is_staff": false, "is_active": true, "date_joined": "2019-12-04T11:38:02.979Z", "email": "bemiaristide@gmail.com", "scoial": null, "avatar": "", "bio": "", "user_type": "ST", "groups": [], "user_permissions": []}}, {"model": "users.customuser", "pk": 28, "fields": {"password": "pbkdf2_sha256$150000$OBncDlXsL9NU$2vOkMt7/yfAEAo0JIEhuISGgFj8GoEXnW2fUJo6jIc8=", "last_login": "2019-12-26T14:09:34.881Z", "is_superuser": false, "first_name": "", "last_name": "", "is_staff": false, "is_active": true, "date_joined": "2019-12-26T14:09:12.802Z", "email": "wilfriedaimeyao@gmail.com", "scoial": null, "avatar": "", "bio": "", "user_type": "ST", "groups": [], "user_permissions": []}}, {"model": "course.course", "pk": 1, "fields": {"title": "Python pour les d\u00e9butants", "description": "Python pour les d\u00e9butants", "is_free": true, "price": "0.00", "level": "D\u00e9butant", "slug": "python-pour-les-debutants", "thumbnail": "4737095287690/4737095287690.jpeg", "teacher": 1, "date_created": "2019-09-29T23:27:55.331Z", "language": null, "drafted": false, "students": [14, 15, 16, 17, 18, 22], "categories": [1, 2]}}, {"model": "course.course", "pk": 2, "fields": {"title": "Cr\u00e9er votre premier site internet", "description": "Dans cette formation nous allons cr\u00e9er notre premier site internet.", "is_free": true, "price": "0.00", "level": "D\u00e9butant", "slug": "creer-votre-premier-site-internet", "thumbnail": "8638059748577/8638059748577.jpg", "teacher": 1, "date_created": "2019-10-19T15:45:09.798Z", "language": 1, "drafted": false, "students": [14, 25], "categories": [1, 3]}}, {"model": "course.course", "pk": 3, "fields": {"title": "Apprendre Django", "description": "Formation complete Django - Pour d\u00e9butants", "is_free": true, "price": "0.00", "level": "D\u00e9butant", "slug": "apprendre-django", "thumbnail": "6044768531135/6044768531135.jpg", "teacher": 1, "date_created": "2019-11-11T13:33:13.080Z", "language": 1, "drafted": false, "students": [14, 18, 23, 26, 27, 28], "categories": [1, 2, 4]}}, {"model": "blog.post", "pk": 1, "fields": {"author": 1, "title": "Apprendre le langage de programmation python", "content": "<p>Python est l'un des langages les plus utilises et les plus populaires, des sites comme Instagram, Nasa, Mozila et Reddit utilisent Python. Apprendre ce langage vous garanti un emploi dans l'industrie. Il est \u00e9galement tr\u00e8s utilis\u00e9 dans l'apprentissage automatique, l'analyse de donn\u00e9es, l'infrastructure cloud et DevOps, ainsi que dans plusieurs autres disciplines.</p><p>Aujourd\u2019hui nous allons partager avec vous 5 sites indispensables pour apprendre ce dernier , gratuitement.</p><p><a href=\"https://docs.python.org/3/tutorial/index.html\" target=\"_blank\">1- Python.org</a></p><p>Le meilleur endroit pour apprendre une technologie est celui de sa documentation, une technologie bien document\u00e9e c'est du gain de temps d\u2019\u00e9nergie et de ressources.</p><p>Ce&nbsp;<a href=\"https://docs.python.org/3/tutorial/index.html\" target=\"_blank\">site</a>&nbsp;vous permet non seulement d'apprendre les bases du langages mais tout dont vous aurez besoin pour commencer a d\u00e9velopper des applications.</p><p><a href=\"https://www.w3schools.com/python/default.asp\" target=\"_blank\">2- W3School</a></p><p>Ce&nbsp;<a href=\"https://www.w3schools.com/python/default.asp\" target=\"_blank\">site</a>&nbsp; il est connu dans le monde du d\u00e9veloppement grace a ses tutoriels bien structures. Au debut il partageait des cours sur Html, Css et Javascript, maintenant vous pouvez apprendre beaucoup de choses avec cette&nbsp;<a href=\"https://www.w3schools.com/python/default.asp\" target=\"_blank\">plateforme</a>.</p><p>Le parcours Python accompagne par des exercises et des cas pratiques vous permet d'apprendre les concepts et les mettre en oeuvre. Avec son \u00e9diteur int\u00e9gr\u00e9 vous pouvez commencer a d\u00e9velopper sous Python sans besoin d'installer des ressources additionnels.</p><p><a href=\"https://realpython.com/\" target=\"_blank\">3- Real Python</a></p><p>Si vous voulez apprendre les concepts de Python en profondeur visitez ce&nbsp;<a href=\"https://realpython.com/\" target=\"_blank\">site</a>.</p><p>Cette plateforme est juste incroyable, ils ne vous consid\u00e8rent pas comme \u00e9tant un d\u00e9butant mais un Pythonist qui cherche a se perfectionner.</p><p>4-&nbsp;<a href=\"https://www.sololearn.com/Course/Python/\" target=\"_blank\">Solo Learn</a></p><p><span style=\"font-weight: 700;\">Apprenez le python de la mani\u00e8re la plus sociale et amusante avec SoloLearn!</span></p><p>Avec ce&nbsp;<a href=\"https://www.sololearn.com/Course/Python/\" target=\"_blank\">site</a>&nbsp;l'apprentissage d'un langage est facile et amusant en meme temps, Solo Learn non seulement il vous donne des cours ainsi que des certificats de r\u00e9ussite.</p><p>5-&nbsp;<a href=\"https://www.codecademy.com/learn/learn-python-3\" target=\"_blank\">Codecademy</a>&nbsp;</p><p>Apprenez les bases du langage de programmation le plus utilis\u00e9 et \u00e0 la croissance la plus rapide au monde, utilis\u00e9 par les ing\u00e9nieurs logiciels, les analystes, les scientifiques de donn\u00e9es et les ing\u00e9nieurs en apprentissage automatique.</p><p>Des d\u00e9veloppeurs de NASA, Quora, IBM et Facebook utilisent ce site pour apprendre la programmation. Codecademy est un&nbsp;<a href=\"https://www.codecademy.com/learn/learn-python-3\" target=\"_blank\">site</a>&nbsp;interactif qui met l'accent sur la th\u00e9orie et la pratique.</p><p><i><span style=\"font-size: 18px;\">Qu'en pensez-vous ? connaissez-vous d'autres ressources pour apprendre Python ?</span></i></p>", "slug": "apprendre-le-langage-de-programmation-python", "image": "4684573733341/4684573733341.jpeg", "cloud_image": null, "published": true, "date_created": "2019-10-05T23:21:13.534Z", "date_published": "2019-10-05T23:20:46Z", "date_updated": null, "tags": [1, 2]}}, {"model": "admin.logentry", "pk": 1, "fields": {"action_time": "2019-09-29T22:40:59.018Z", "user": 1, "content_type": 22, "object_id": "2", "object_repr": "aliounebadaradiouf7@gmail.com", "action_flag": 1, "change_message": "[{\"added\": {}}]"}}, {"model": "admin.logentry", "pk": 2, "fields": {"action_time": "2019-09-29T22:41:18.773Z", "user": 1, "content_type": 22, "object_id": "3", "object_repr": "babacar.mbengue10@gmail.com", "action_flag": 1, "change_message": "[{\"added\": {}}]"}}, {"model": "admin.logentry", "pk": 3, "fields": {"action_time": "2019-09-29T22:41:26.375Z", "user": 1, "content_type": 22, "object_id": "3", "object_repr": "babacar.mbengue10@gmail.com", "action_flag": 2, "change_message": "[]"}}, {"model": "admin.logentry", "pk": 4, "fields": {"action_time": "2019-09-29T22:41:37.959Z", "user": 1, "content_type": 22, "object_id": "4", "object_repr": "diassemambaye6@gmail.com", "action_flag": 1, "change_message": "[{\"added\": {}}]"}}, {"model": "admin.logentry", "pk": 5, "fields": {"action_time": "2019-09-29T22:41:55.075Z", "user": 1, "content_type": 22, "object_id": "5", "object_repr": "engires1813@gmail.com", "action_flag": 1, "change_message": "[{\"added\": {}}]"}}, {"model": "admin.logentry", "pk": 6, "fields": {"action_time": "2019-09-29T22:42:10.780Z", "user": 1, "content_type": 22, "object_id": "6", "object_repr": "issa@gmail.com", "action_flag": 1, "change_message": "[{\"added\": {}}]"}}, {"model": "admin.logentry", "pk": 7, "fields": {"action_time": "2019-09-29T22:42:27.423Z", "user": 1, "content_type": 22, "object_id": "7", "object_repr": "nerdben1@gmail.com", "action_flag": 1, "change_message": "[{\"added\": {}}]"}}, {"model": "admin.logentry", "pk": 8, "fields": {"action_time": "2019-09-29T22:42:47.872Z", "user": 1, "content_type": 22, "object_id": "8", "object_repr": "noxise11@gmail.com", "action_flag": 1, "change_message": "[{\"added\": {}}]"}}, {"model": "admin.logentry", "pk": 9, "fields": {"action_time": "2019-09-29T22:43:10.931Z", "user": 1, "content_type": 22, "object_id": "9", "object_repr": "papekaan@gmail.com", "action_flag": 1, "change_message": "[{\"added\": {}}]"}}, {"model": "admin.logentry", "pk": 10, "fields": {"action_time": "2019-09-29T22:43:27.265Z", "user": 1, "content_type": 22, "object_id": "10", "object_repr": "riftone07@gmail.com", "action_flag": 1, "change_message": "[{\"added\": {}}]"}}, {"model": "admin.logentry", "pk": 11, "fields": {"action_time": "2019-09-29T22:43:45.523Z", "user": 1, "content_type": 22, "object_id": "11", "object_repr": "kevin@gmail.com", "action_flag": 1, "change_message": "[{\"added\": {}}]"}}, {"model": "admin.logentry", "pk": 12, "fields": {"action_time": "2019-09-29T23:27:55.339Z", "user": 1, "content_type": 14, "object_id": "1", "object_repr": "Python pour les d\u00e9butants", "action_flag": 1, "change_message": "[{\"added\": {}}]"}}, {"model": "admin.logentry", "pk": 13, "fields": {"action_time": "2019-09-29T23:30:16.076Z", "user": 1, "content_type": 22, "object_id": "1", "object_repr": "mstspr1155@gmail.com", "action_flag": 2, "change_message": "[{\"changed\": {\"fields\": [\"avatar\"]}}]"}}, {"model": "admin.logentry", "pk": 14, "fields": {"action_time": "2019-09-29T23:30:38.337Z", "user": 1, "content_type": 16, "object_id": "1", "object_repr": "Introduction", "action_flag": 1, "change_message": "[{\"added\": {}}]"}}, {"model": "admin.logentry", "pk": 15, "fields": {"action_time": "2019-09-29T23:34:36.326Z", "user": 1, "content_type": 17, "object_id": "1", "object_repr": "Introduction", "action_flag": 1, "change_message": "[{\"added\": {}}]"}}, {"model": "admin.logentry", "pk": 16, "fields": {"action_time": "2019-09-29T23:35:06.423Z", "user": 1, "content_type": 16, "object_id": "2", "object_repr": "Installation", "action_flag": 1, "change_message": "[{\"added\": {}}]"}}, {"model": "admin.logentry", "pk": 17, "fields": {"action_time": "2019-09-29T23:36:08.669Z", "user": 1, "content_type": 17, "object_id": "2", "object_repr": "Installation Python pour Windows", "action_flag": 1, "change_message": "[{\"added\": {}}]"}}, {"model": "admin.logentry", "pk": 18, "fields": {"action_time": "2019-09-29T23:36:26.790Z", "user": 1, "content_type": 17, "object_id": "2", "object_repr": "Installation Python pour Windows", "action_flag": 2, "change_message": "[{\"changed\": {\"fields\": [\"chapter\"]}}]"}}, {"model": "admin.logentry", "pk": 19, "fields": {"action_time": "2019-09-29T23:37:14.530Z", "user": 1, "content_type": 17, "object_id": "3", "object_repr": "Installation Python pour Linux", "action_flag": 1, "change_message": "[{\"added\": {}}]"}}, {"model": "admin.logentry", "pk": 20, "fields": {"action_time": "2019-09-30T00:16:29.370Z", "user": 1, "content_type": 15, "object_id": "1", "object_repr": "Programmation", "action_flag": 1, "change_message": "[{\"added\": {}}]"}}, {"model": "admin.logentry", "pk": 21, "fields": {"action_time": "2019-09-30T00:16:41.197Z", "user": 1, "content_type": 15, "object_id": "2", "object_repr": "Python", "action_flag": 1, "change_message": "[{\"added\": {}}]"}}, {"model": "admin.logentry", "pk": 22, "fields": {"action_time": "2019-09-30T00:16:44.861Z", "user": 1, "content_type": 14, "object_id": "1", "object_repr": "Python pour les d\u00e9butants", "action_flag": 2, "change_message": "[{\"changed\": {\"fields\": [\"categories\"]}}]"}}, {"model": "admin.logentry", "pk": 23, "fields": {"action_time": "2019-10-05T23:11:55.107Z", "user": 1, "content_type": 17, "object_id": "1", "object_repr": "Introduction", "action_flag": 2, "change_message": "[{\"changed\": {\"fields\": [\"duration\"]}}]"}}, {"model": "admin.logentry", "pk": 24, "fields": {"action_time": "2019-10-05T23:12:16.038Z", "user": 1, "content_type": 17, "object_id": "2", "object_repr": "Installation Python pour Windows", "action_flag": 2, "change_message": "[{\"changed\": {\"fields\": [\"duration\"]}}]"}}, {"model": "admin.logentry", "pk": 25, "fields": {"action_time": "2019-10-05T23:12:38.240Z", "user": 1, "content_type": 17, "object_id": "3", "object_repr": "Installation Python pour Linux", "action_flag": 2, "change_message": "[{\"changed\": {\"fields\": [\"duration\"]}}]"}}, {"model": "admin.logentry", "pk": 26, "fields": {"action_time": "2019-10-05T23:21:00.092Z", "user": 1, "content_type": 13, "object_id": "1", "object_repr": "Python", "action_flag": 1, "change_message": "[{\"added\": {}}]"}}, {"model": "admin.logentry", "pk": 27, "fields": {"action_time": "2019-10-05T23:21:10.631Z", "user": 1, "content_type": 13, "object_id": "2", "object_repr": "Programmation", "action_flag": 1, "change_message": "[{\"added\": {}}]"}}, {"model": "admin.logentry", "pk": 28, "fields": {"action_time": "2019-10-05T23:21:13.620Z", "user": 1, "content_type": 12, "object_id": "1", "object_repr": "Apprendre le langage de programmation python", "action_flag": 1, "change_message": "[{\"added\": {}}]"}}, {"model": "admin.logentry", "pk": 29, "fields": {"action_time": "2019-10-13T17:43:50.819Z", "user": 1, "content_type": 17, "object_id": "4", "object_repr": "Installation VS Code pour Windows", "action_flag": 1, "change_message": "[{\"added\": {}}]"}}, {"model": "admin.logentry", "pk": 30, "fields": {"action_time": "2019-10-13T17:44:36.473Z", "user": 1, "content_type": 17, "object_id": "5", "object_repr": "Installation VS Code pour Linux", "action_flag": 1, "change_message": "[{\"added\": {}}]"}}, {"model": "admin.logentry", "pk": 31, "fields": {"action_time": "2019-10-13T17:45:22.139Z", "user": 1, "content_type": 16, "object_id": "3", "object_repr": "Les bases", "action_flag": 1, "change_message": "[{\"added\": {}}]"}}, {"model": "admin.logentry", "pk": 32, "fields": {"action_time": "2019-10-13T17:45:48.520Z", "user": 1, "content_type": 17, "object_id": "6", "object_repr": "Ecrire votre premier programme", "action_flag": 1, "change_message": "[{\"added\": {}}]"}}, {"model": "admin.logentry", "pk": 33, "fields": {"action_time": "2019-10-13T17:46:22.054Z", "user": 1, "content_type": 17, "object_id": "6", "object_repr": "Ecrire votre premier programme", "action_flag": 2, "change_message": "[{\"changed\": {\"fields\": [\"video_id\"]}}]"}}, {"model": "admin.logentry", "pk": 34, "fields": {"action_time": "2019-10-13T17:47:14.066Z", "user": 1, "content_type": 17, "object_id": "7", "object_repr": "Les variables | Definition", "action_flag": 1, "change_message": "[{\"added\": {}}]"}}, {"model": "admin.logentry", "pk": 35, "fields": {"action_time": "2019-10-13T17:47:38.364Z", "user": 1, "content_type": 17, "object_id": "7", "object_repr": "Les variables | Definition et utilisation", "action_flag": 2, "change_message": "[{\"changed\": {\"fields\": [\"title\"]}}]"}}, {"model": "admin.logentry", "pk": 36, "fields": {"action_time": "2019-10-13T17:48:27.728Z", "user": 1, "content_type": 17, "object_id": "8", "object_repr": "Convertir une variable", "action_flag": 1, "change_message": "[{\"added\": {}}]"}}, {"model": "admin.logentry", "pk": 37, "fields": {"action_time": "2019-10-13T17:49:08.623Z", "user": 1, "content_type": 17, "object_id": "9", "object_repr": "Les bool\u00e9ens", "action_flag": 1, "change_message": "[{\"added\": {}}]"}}, {"model": "admin.logentry", "pk": 38, "fields": {"action_time": "2019-10-13T17:50:09.558Z", "user": 1, "content_type": 17, "object_id": "10", "object_repr": "Les op\u00e9rateurs math\u00e9matiques p1", "action_flag": 1, "change_message": "[{\"added\": {}}]"}}, {"model": "admin.logentry", "pk": 39, "fields": {"action_time": "2019-10-13T17:50:50.250Z", "user": 1, "content_type": 17, "object_id": "11", "object_repr": "Les op\u00e9rateurs math\u00e9matiques p2", "action_flag": 1, "change_message": "[{\"added\": {}}]"}}, {"model": "admin.logentry", "pk": 40, "fields": {"action_time": "2019-10-13T17:51:34.964Z", "user": 1, "content_type": 17, "object_id": "12", "object_repr": "Les op\u00e9rateurs de comparaison", "action_flag": 1, "change_message": "[{\"added\": {}}]"}}, {"model": "admin.logentry", "pk": 41, "fields": {"action_time": "2019-10-13T17:52:07.210Z", "user": 1, "content_type": 17, "object_id": "13", "object_repr": "Les fonctions de base", "action_flag": 1, "change_message": "[{\"added\": {}}]"}}, {"model": "admin.logentry", "pk": 42, "fields": {"action_time": "2019-10-13T17:52:33.415Z", "user": 1, "content_type": 16, "object_id": "4", "object_repr": "Les conditions", "action_flag": 1, "change_message": "[{\"added\": {}}]"}}, {"model": "admin.logentry", "pk": 43, "fields": {"action_time": "2019-10-13T17:53:29.568Z", "user": 1, "content_type": 17, "object_id": "14", "object_repr": "La condition IF", "action_flag": 1, "change_message": "[{\"added\": {}}]"}}, {"model": "admin.logentry", "pk": 44, "fields": {"action_time": "2019-10-13T17:54:12.696Z", "user": 1, "content_type": 17, "object_id": "15", "object_repr": "La condition ELESE", "action_flag": 1, "change_message": "[{\"added\": {}}]"}}, {"model": "admin.logentry", "pk": 45, "fields": {"action_time": "2019-10-13T17:55:00.341Z", "user": 1, "content_type": 17, "object_id": "16", "object_repr": "La condition ELIF(Else IF)", "action_flag": 1, "change_message": "[{\"added\": {}}]"}}, {"model": "admin.logentry", "pk": 46, "fields": {"action_time": "2019-10-13T17:55:22.732Z", "user": 1, "content_type": 16, "object_id": "5", "object_repr": "Les boucles", "action_flag": 1, "change_message": "[{\"added\": {}}]"}}, {"model": "admin.logentry", "pk": 47, "fields": {"action_time": "2019-10-13T17:56:11.217Z", "user": 1, "content_type": 17, "object_id": "17", "object_repr": "Boucle FOR", "action_flag": 1, "change_message": "[{\"added\": {}}]"}}, {"model": "admin.logentry", "pk": 48, "fields": {"action_time": "2019-10-13T17:56:45.095Z", "user": 1, "content_type": 17, "object_id": "18", "object_repr": "Boucle While", "action_flag": 1, "change_message": "[{\"added\": {}}]"}}, {"model": "admin.logentry", "pk": 49, "fields": {"action_time": "2019-10-13T17:57:16.720Z", "user": 1, "content_type": 16, "object_id": "6", "object_repr": "Les structures de donn\u00e9es", "action_flag": 1, "change_message": "[{\"added\": {}}]"}}, {"model": "admin.logentry", "pk": 50, "fields": {"action_time": "2019-10-13T17:58:11.192Z", "user": 1, "content_type": 17, "object_id": "19", "object_repr": "Les listes", "action_flag": 1, "change_message": "[{\"added\": {}}]"}}, {"model": "admin.logentry", "pk": 51, "fields": {"action_time": "2019-10-13T17:58:36.556Z", "user": 1, "content_type": 17, "object_id": "19", "object_repr": "Les listes - Cr\u00e9er votre premiere liste", "action_flag": 2, "change_message": "[{\"changed\": {\"fields\": [\"title\"]}}]"}}, {"model": "admin.logentry", "pk": 52, "fields": {"action_time": "2019-10-13T17:59:21.545Z", "user": 1, "content_type": 17, "object_id": "20", "object_repr": "Les listes - Manipulation d'une liste", "action_flag": 1, "change_message": "[{\"added\": {}}]"}}, {"model": "admin.logentry", "pk": 53, "fields": {"action_time": "2019-10-13T18:00:12.205Z", "user": 1, "content_type": 17, "object_id": "21", "object_repr": "Les listes - Boucle et liste", "action_flag": 1, "change_message": "[{\"added\": {}}]"}}, {"model": "admin.logentry", "pk": 54, "fields": {"action_time": "2019-10-13T18:00:44.777Z", "user": 1, "content_type": 17, "object_id": "21", "object_repr": "Les listes - Boucle et liste", "action_flag": 2, "change_message": "[]"}}, {"model": "admin.logentry", "pk": 55, "fields": {"action_time": "2019-10-13T18:01:04.233Z", "user": 1, "content_type": 17, "object_id": "22", "object_repr": "Les Tuples", "action_flag": 1, "change_message": "[{\"added\": {}}]"}}, {"model": "admin.logentry", "pk": 56, "fields": {"action_time": "2019-10-13T18:01:40.421Z", "user": 1, "content_type": 17, "object_id": "23", "object_repr": "Les Tuples - partie 2", "action_flag": 1, "change_message": "[{\"added\": {}}]"}}, {"model": "admin.logentry", "pk": 57, "fields": {"action_time": "2019-10-13T18:02:28.573Z", "user": 1, "content_type": 17, "object_id": "24", "object_repr": "Les dictionnaires - Introduction", "action_flag": 1, "change_message": "[{\"added\": {}}]"}}, {"model": "admin.logentry", "pk": 58, "fields": {"action_time": "2019-10-13T18:03:19.818Z", "user": 1, "content_type": 17, "object_id": "25", "object_repr": "Les dictionnaires - Boucler dans un dictionnaire", "action_flag": 1, "change_message": "[{\"added\": {}}]"}}, {"model": "admin.logentry", "pk": 59, "fields": {"action_time": "2019-10-13T18:03:45.290Z", "user": 1, "content_type": 16, "object_id": "7", "object_repr": "Les fonctions", "action_flag": 1, "change_message": "[{\"added\": {}}]"}}, {"model": "admin.logentry", "pk": 60, "fields": {"action_time": "2019-10-13T18:04:28.646Z", "user": 1, "content_type": 17, "object_id": "26", "object_repr": "Les fonctions - Cr\u00e9er votre premiere fonction", "action_flag": 1, "change_message": "[{\"added\": {}}]"}}, {"model": "admin.logentry", "pk": 61, "fields": {"action_time": "2019-10-13T18:05:39.541Z", "user": 1, "content_type": 17, "object_id": "27", "object_repr": "Les fonctions - Ajouter des arguments(Parameters)", "action_flag": 1, "change_message": "[{\"added\": {}}]"}}, {"model": "admin.logentry", "pk": 62, "fields": {"action_time": "2019-10-13T18:06:16.047Z", "user": 1, "content_type": 17, "object_id": "28", "object_repr": "Les fonctions - Aller plus loin", "action_flag": 1, "change_message": "[{\"added\": {}}]"}}, {"model": "admin.logentry", "pk": 63, "fields": {"action_time": "2019-10-13T18:07:38.180Z", "user": 1, "content_type": 17, "object_id": "15", "object_repr": "La condition ELSE", "action_flag": 2, "change_message": "[{\"changed\": {\"fields\": [\"title\"]}}]"}}, {"model": "admin.logentry", "pk": 64, "fields": {"action_time": "2019-10-19T15:44:44.887Z", "user": 1, "content_type": 15, "object_id": "3", "object_repr": "Html", "action_flag": 1, "change_message": "[{\"added\": {}}]"}}, {"model": "admin.logentry", "pk": 65, "fields": {"action_time": "2019-10-19T15:44:59.215Z", "user": 1, "content_type": 25, "object_id": "1", "object_repr": "Wolof - WO", "action_flag": 1, "change_message": "[{\"added\": {}}]"}}, {"model": "admin.logentry", "pk": 66, "fields": {"action_time": "2019-10-19T15:45:10.106Z", "user": 1, "content_type": 14, "object_id": "2", "object_repr": "Cr\u00e9er votre premier site internet", "action_flag": 1, "change_message": "[{\"added\": {}}]"}}, {"model": "admin.logentry", "pk": 67, "fields": {"action_time": "2019-10-19T15:46:22.125Z", "user": 1, "content_type": 16, "object_id": "8", "object_repr": "Introduction", "action_flag": 1, "change_message": "[{\"added\": {}}]"}}, {"model": "admin.logentry", "pk": 68, "fields": {"action_time": "2019-10-19T15:49:36.188Z", "user": 1, "content_type": 17, "object_id": "29", "object_repr": "Introduction et pr\u00e9requis", "action_flag": 1, "change_message": "[{\"added\": {}}]"}}, {"model": "admin.logentry", "pk": 69, "fields": {"action_time": "2019-11-11T13:33:03.022Z", "user": 1, "content_type": 15, "object_id": "4", "object_repr": "Django", "action_flag": 1, "change_message": "[{\"added\": {}}]"}}, {"model": "admin.logentry", "pk": 70, "fields": {"action_time": "2019-11-11T13:33:13.120Z", "user": 1, "content_type": 14, "object_id": "3", "object_repr": "Apprendre Django", "action_flag": 1, "change_message": "[{\"added\": {}}]"}}, {"model": "admin.logentry", "pk": 71, "fields": {"action_time": "2019-11-11T13:34:00.498Z", "user": 1, "content_type": 16, "object_id": "9", "object_repr": "Introduction", "action_flag": 1, "change_message": "[{\"added\": {}}]"}}, {"model": "admin.logentry", "pk": 72, "fields": {"action_time": "2019-11-11T13:35:45.042Z", "user": 1, "content_type": 17, "object_id": "30", "object_repr": "Presentation de la formation", "action_flag": 1, "change_message": "[{\"added\": {}}]"}}, {"model": "admin.logentry", "pk": 73, "fields": {"action_time": "2019-11-21T17:30:17.161Z", "user": 1, "content_type": 17, "object_id": "31", "object_repr": "Les fondamentaux du Web", "action_flag": 1, "change_message": "[{\"added\": {}}]"}}, {"model": "admin.logentry", "pk": 74, "fields": {"action_time": "2019-11-21T17:30:26.787Z", "user": 1, "content_type": 17, "object_id": "31", "object_repr": "Les fondamentaux du Web", "action_flag": 2, "change_message": "[]"}}, {"model": "admin.logentry", "pk": 75, "fields": {"action_time": "2019-11-21T17:31:58.641Z", "user": 1, "content_type": 16, "object_id": "10", "object_repr": "Installation et configuration", "action_flag": 1, "change_message": "[{\"added\": {}}]"}}, {"model": "admin.logentry", "pk": 76, "fields": {"action_time": "2019-11-21T17:32:03.472Z", "user": 1, "content_type": 17, "object_id": "32", "object_repr": "Installation et configuration", "action_flag": 1, "change_message": "[{\"added\": {}}]"}}, {"model": "admin.logentry", "pk": 77, "fields": {"action_time": "2019-11-21T17:32:53.363Z", "user": 1, "content_type": 17, "object_id": "33", "object_repr": "Installation de Django", "action_flag": 1, "change_message": "[{\"added\": {}}]"}}, {"model": "admin.logentry", "pk": 78, "fields": {"action_time": "2019-11-21T17:34:13.915Z", "user": 1, "content_type": 17, "object_id": "34", "object_repr": "Votre premier projet", "action_flag": 1, "change_message": "[{\"added\": {}}]"}}, {"model": "admin.logentry", "pk": 79, "fields": {"action_time": "2019-11-21T17:34:57.733Z", "user": 1, "content_type": 17, "object_id": "35", "object_repr": "Administration de Django", "action_flag": 1, "change_message": "[{\"added\": {}}]"}}, {"model": "admin.logentry", "pk": 80, "fields": {"action_time": "2019-11-21T17:35:40.982Z", "user": 1, "content_type": 17, "object_id": "36", "object_repr": "Votre premiere application", "action_flag": 1, "change_message": "[{\"added\": {}}]"}}, {"model": "admin.logentry", "pk": 81, "fields": {"action_time": "2019-11-21T17:38:08.352Z", "user": 1, "content_type": 16, "object_id": "11", "object_repr": "Django ORM", "action_flag": 1, "change_message": "[{\"added\": {}}]"}}, {"model": "admin.logentry", "pk": 82, "fields": {"action_time": "2019-11-21T17:38:31.756Z", "user": 1, "content_type": 17, "object_id": "37", "object_repr": "Django ORM", "action_flag": 1, "change_message": "[{\"added\": {}}]"}}, {"model": "admin.logentry", "pk": 83, "fields": {"action_time": "2019-11-21T17:39:05.260Z", "user": 1, "content_type": 17, "object_id": "38", "object_repr": "Django Models", "action_flag": 1, "change_message": "[{\"added\": {}}]"}}, {"model": "admin.logentry", "pk": 84, "fields": {"action_time": "2019-12-03T05:37:56.134Z", "user": 1, "content_type": 16, "object_id": "12", "object_repr": "Urls, Views et Templates", "action_flag": 1, "change_message": "[{\"added\": {}}]"}}, {"model": "admin.logentry", "pk": 85, "fields": {"action_time": "2019-12-03T05:38:04.070Z", "user": 1, "content_type": 17, "object_id": "39", "object_repr": "Django Les URLS", "action_flag": 1, "change_message": "[{\"added\": {}}]"}}, {"model": "admin.logentry", "pk": 86, "fields": {"action_time": "2019-12-03T05:38:48.837Z", "user": 1, "content_type": 17, "object_id": "40", "object_repr": "Django Les views", "action_flag": 1, "change_message": "[{\"added\": {}}]"}}, {"model": "admin.logentry", "pk": 87, "fields": {"action_time": "2019-12-03T05:39:27.126Z", "user": 1, "content_type": 17, "object_id": "41", "object_repr": "Django Les templates", "action_flag": 1, "change_message": "[{\"added\": {}}]"}}, {"model": "admin.logentry", "pk": 88, "fields": {"action_time": "2019-12-03T05:40:22.718Z", "user": 1, "content_type": 17, "object_id": "42", "object_repr": "Introduction au Bootstrap", "action_flag": 1, "change_message": "[{\"added\": {}}]"}}, {"model": "admin.logentry", "pk": 89, "fields": {"action_time": "2019-12-03T05:41:08.608Z", "user": 1, "content_type": 17, "object_id": "43", "object_repr": "Les balises de Django, Template tags", "action_flag": 1, "change_message": "[{\"added\": {}}]"}}, {"model": "admin.logentry", "pk": 90, "fields": {"action_time": "2019-12-03T05:41:53.617Z", "user": 1, "content_type": 17, "object_id": "44", "object_repr": "Afficher la liste des contacts", "action_flag": 1, "change_message": "[{\"added\": {}}]"}}, {"model": "admin.logentry", "pk": 91, "fields": {"action_time": "2019-12-03T05:42:42.086Z", "user": 1, "content_type": 17, "object_id": "45", "object_repr": "Afficher les details d'un contacts", "action_flag": 1, "change_message": "[{\"added\": {}}]"}}, {"model": "admin.logentry", "pk": 92, "fields": {"action_time": "2019-12-03T05:43:25.577Z", "user": 1, "content_type": 17, "object_id": "46", "object_repr": "Cr\u00e9er des urls Dynamiques", "action_flag": 1, "change_message": "[{\"added\": {}}]"}}, {"model": "admin.logentry", "pk": 93, "fields": {"action_time": "2019-12-03T05:44:25.286Z", "user": 1, "content_type": 16, "object_id": "13", "object_repr": "Authentification", "action_flag": 1, "change_message": "[{\"added\": {}}]"}}, {"model": "admin.logentry", "pk": 94, "fields": {"action_time": "2019-12-03T05:44:29.010Z", "user": 1, "content_type": 17, "object_id": "47", "object_repr": "Les d\u00e9corateurs", "action_flag": 1, "change_message": "[{\"added\": {}}]"}}, {"model": "admin.logentry", "pk": 95, "fields": {"action_time": "2019-12-03T05:45:15.996Z", "user": 1, "content_type": 17, "object_id": "48", "object_repr": "Authentifier un utilisateur / Connexion", "action_flag": 1, "change_message": "[{\"added\": {}}]"}}, {"model": "admin.logentry", "pk": 96, "fields": {"action_time": "2019-12-03T05:45:56.512Z", "user": 1, "content_type": 17, "object_id": "49", "object_repr": "Authentifier un utilisateur / Connexion partie 2", "action_flag": 1, "change_message": "[{\"added\": {}}]"}}]