[{"model": "sessions.session", "pk": "0quk8qlw5i60q6w6lcz72zxhycbyr84t", "fields": {"session_data": "YTlkMDNkMzY4ODNlOWVmNjZiOGNmZWZmNjU0ZGI5ZGY0MzNhYTIyZTp7Il9hdXRoX3VzZXJfaWQiOiIxIiwiX2F1dGhfdXNlcl9iYWNrZW5kIjoiZGphbmdvLmNvbnRyaWIuYXV0aC5iYWNrZW5kcy5Nb2RlbEJhY2tlbmQiLCJfYXV0aF91c2VyX2hhc2giOiJlZGY4ZmFiZjM5Mzc5MmExMDY0MzBhODg3MTEzMGMxODI3NWQ3ZDNjIn0=", "expire_date": "2019-12-08T02:50:13.359Z"}}, {"model": "sessions.session", "pk": "1nbrf120nrih32goqlcub8bvo9q6zzn1", "fields": {"session_data": "Mjk3ZTBiNzY1YzE2NDk5NzA5ZmMyOTVjNzMyMWQ1ZWUwZTBmNWNhNjp7Il9hdXRoX3VzZXJfaWQiOiIyNyIsIl9hdXRoX3VzZXJfYmFja2VuZCI6ImRqYW5nby5jb250cmliLmF1dGguYmFja2VuZHMuTW9kZWxCYWNrZW5kIiwiX2F1dGhfdXNlcl9oYXNoIjoiMjZiMWYxZmM1NDlhN2JlNWY0ZjIyZjkwMDc0NjlhMTFiNTM3YjQxMCJ9", "expire_date": "2019-12-18T11:38:17.542Z"}}, {"model": "sessions.session", "pk": "252cuqzkgoqntuo6cvbupvimox16xc3h", "fields": {"session_data": "YTlkMDNkMzY4ODNlOWVmNjZiOGNmZWZmNjU0ZGI5ZGY0MzNhYTIyZTp7Il9hdXRoX3VzZXJfaWQiOiIxIiwiX2F1dGhfdXNlcl9iYWNrZW5kIjoiZGphbmdvLmNvbnRyaWIuYXV0aC5iYWNrZW5kcy5Nb2RlbEJhY2tlbmQiLCJfYXV0aF91c2VyX2hhc2giOiJlZGY4ZmFiZjM5Mzc5MmExMDY0MzBhODg3MTEzMGMxODI3NWQ3ZDNjIn0=", "expire_date": "2019-11-02T18:16:51.845Z"}}, {"model": "sessions.session", "pk": "2ijvhbexpodml1nro48e25sk1n42vir2", "fields": {"session_data": "YTlkMDNkMzY4ODNlOWVmNjZiOGNmZWZmNjU0ZGI5ZGY0MzNhYTIyZTp7Il9hdXRoX3VzZXJfaWQiOiIxIiwiX2F1dGhfdXNlcl9iYWNrZW5kIjoiZGphbmdvLmNvbnRyaWIuYXV0aC5iYWNrZW5kcy5Nb2RlbEJhY2tlbmQiLCJfYXV0aF91c2VyX2hhc2giOiJlZGY4ZmFiZjM5Mzc5MmExMDY0MzBhODg3MTEzMGMxODI3NWQ3ZDNjIn0=", "expire_date": "2019-12-31T15:43:31.859Z"}}, {"model": "sessions.session", "pk": "42r0op50qux9ee2op6wf5p6h4ink3ldt", "fields": {"session_data": "OGNkYWVmYjk3OGQ0ZWI1YTNmNTdmZmQxMDQ5ZjYxZTU3NDRiNjBiZDp7Il9hdXRoX3VzZXJfaWQiOiIxMyIsIl9hdXRoX3VzZXJfYmFja2VuZCI6ImRqYW5nby5jb250cmliLmF1dGguYmFja2VuZHMuTW9kZWxCYWNrZW5kIiwiX2F1dGhfdXNlcl9oYXNoIjoiZGM3Njk3NjA0YzI0ODRmNDYxZmFkNDllNWFhNzc2ZTYyZTNlYzczZCJ9", "expire_date": "2019-10-22T01:04:59.213Z"}}, {"model": "sessions.session", "pk": "4i3ugdp5ng3opzwg5xowcagdfpgvnh7u", "fields": {"session_data": "OTUwOGRmZGRlMGQ5MjQ1MTNhYzk5NjMyNjkxMGJkNTg3YmYyNjY4YTp7Il9hdXRoX3VzZXJfaWQiOiIxIiwiX2F1dGhfdXNlcl9oYXNoIjoiZDMyM2M2NGM3MzExOTZmNzZkYjk4NmYwYTM0YTg4MDgxYWUyNjVkMSIsIl9hdXRoX3VzZXJfYmFja2VuZCI6ImRqYW5nby5jb250cmliLmF1dGguYmFja2VuZHMuTW9kZWxCYWNrZW5kIn0=", "expire_date": "2019-10-13T23:21:31.858Z"}}, {"model": "sessions.session", "pk": "4vaxwl6t1lri20qi1x2ylli271h9a1vd", "fields": {"session_data": "YTlkMDNkMzY4ODNlOWVmNjZiOGNmZWZmNjU0ZGI5ZGY0MzNhYTIyZTp7Il9hdXRoX3VzZXJfaWQiOiIxIiwiX2F1dGhfdXNlcl9iYWNrZW5kIjoiZGphbmdvLmNvbnRyaWIuYXV0aC5iYWNrZW5kcy5Nb2RlbEJhY2tlbmQiLCJfYXV0aF91c2VyX2hhc2giOiJlZGY4ZmFiZjM5Mzc5MmExMDY0MzBhODg3MTEzMGMxODI3NWQ3ZDNjIn0=", "expire_date": "2019-12-14T19:53:39.286Z"}}, {"model": "sessions.session", "pk": "5gx0dkam636lyovoi7mu9sfqokfwhrbb", "fields": {"session_data": "YWFhZGRmMWMwZmViMTk5YzIwMDRjMTZmYzhlYmI3OTNjYmU4YzM5Nzp7Il9hdXRoX3VzZXJfaWQiOiIyMCIsIl9hdXRoX3VzZXJfYmFja2VuZCI6ImRqYW5nby5jb250cmliLmF1dGguYmFja2VuZHMuTW9kZWxCYWNrZW5kIiwiX2F1dGhfdXNlcl9oYXNoIjoiNzMzYzRhY2IyNzhiMDNjNzYyZGM3NzU3NWFmNTFmNDlhNjc4ODRkNSJ9", "expire_date": "2019-11-26T09:03:12.729Z"}}, {"model": "sessions.session", "pk": "5nivc53c1ldu3ktuu8okuv7zaq5hcq8y", "fields": {"session_data": "YTlkMDNkMzY4ODNlOWVmNjZiOGNmZWZmNjU0ZGI5ZGY0MzNhYTIyZTp7Il9hdXRoX3VzZXJfaWQiOiIxIiwiX2F1dGhfdXNlcl9iYWNrZW5kIjoiZGphbmdvLmNvbnRyaWIuYXV0aC5iYWNrZW5kcy5Nb2RlbEJhY2tlbmQiLCJfYXV0aF91c2VyX2hhc2giOiJlZGY4ZmFiZjM5Mzc5MmExMDY0MzBhODg3MTEzMGMxODI3NWQ3ZDNjIn0=", "expire_date": "2019-12-17T05:32:48.029Z"}}, {"model": "sessions.session", "pk": "642n2cp26w7h6n55q74q8ko6q2layvzs", "fields": {"session_data": "Y2U0MDg0ZTU5YWVjOWY5MTI5OWY0MzMwNzE5NDZlNWZmZjNkZDg2ZDp7Il9hdXRoX3VzZXJfaWQiOiIyMyIsIl9hdXRoX3VzZXJfYmFja2VuZCI6ImRqYW5nby5jb250cmliLmF1dGguYmFja2VuZHMuTW9kZWxCYWNrZW5kIiwiX2F1dGhfdXNlcl9oYXNoIjoiYzhlNTcwM2RjODFmMTE3ZjljYjQyOGMyNzgwOTA4Yjc2NzY5NmQ0NiJ9", "expire_date": "2019-12-05T19:02:41.251Z"}}, {"model": "sessions.session", "pk": "7wt6vfiz8c6oikimw1e904a8bcodo6p0", "fields": {"session_data": "NzEyMzNjMDY2ZDAwZjFiZDE5OTgxYTgwNTdjMjRkMThhYzg3OTg2YTp7Il9hdXRoX3VzZXJfaWQiOiIxOCIsIl9hdXRoX3VzZXJfYmFja2VuZCI6ImRqYW5nby5jb250cmliLmF1dGguYmFja2VuZHMuTW9kZWxCYWNrZW5kIiwiX2F1dGhfdXNlcl9oYXNoIjoiMWVkM2YwZDgzOWJhNmI0NGU4MTY3MDlmMjg4NzFlZjc2YzE4ODllYyJ9", "expire_date": "2019-11-26T00:12:29.616Z"}}, {"model": "sessions.session", "pk": "dqf2alqwv03qhcevkkyltb5qrqf6nokq", "fields": {"session_data": "YjhlZjhjOTQ5YjVhZTY5YjVkNzI0ODBiMDZkNmM1ZmY4NmVmMjU3MTp7Il9hdXRoX3VzZXJfaWQiOiIxNyIsIl9hdXRoX3VzZXJfYmFja2VuZCI6ImRqYW5nby5jb250cmliLmF1dGguYmFja2VuZHMuTW9kZWxCYWNrZW5kIiwiX2F1dGhfdXNlcl9oYXNoIjoiOWI0ZjhlNjE5OTM0MWY3N2NlMzQwOTNlNjBmNThjMmE5YzczNTYxNCJ9", "expire_date": "2019-11-17T03:08:31.362Z"}}, {"model": "sessions.session", "pk": "ffmrq91tlpcuajokg4fbfuzfzya9fx2u", "fields": {"session_data": "ZjNjODQ4YWRhMjI2MTU2ODgzZDZhM2ZlNjY4MmFlZjYxMjViNTFiODp7Il9hdXRoX3VzZXJfaWQiOiIyNSIsIl9hdXRoX3VzZXJfYmFja2VuZCI6ImRqYW5nby5jb250cmliLmF1dGguYmFja2VuZHMuTW9kZWxCYWNrZW5kIiwiX2F1dGhfdXNlcl9oYXNoIjoiZmJjMzM1ZjdhNDViMDk2ZWJmMzZmZGI2ZTBmZGFmNzZjZTAwN2M1MiJ9", "expire_date": "2019-12-08T13:58:07.120Z"}}, {"model": "sessions.session", "pk": "gb2xyvr3lfluvjuswre5tg9ew24fovbc", "fields": {"session_data": "NzEyMzNjMDY2ZDAwZjFiZDE5OTgxYTgwNTdjMjRkMThhYzg3OTg2YTp7Il9hdXRoX3VzZXJfaWQiOiIxOCIsIl9hdXRoX3VzZXJfYmFja2VuZCI6ImRqYW5nby5jb250cmliLmF1dGguYmFja2VuZHMuTW9kZWxCYWNrZW5kIiwiX2F1dGhfdXNlcl9oYXNoIjoiMWVkM2YwZDgzOWJhNmI0NGU4MTY3MDlmMjg4NzFlZjc2YzE4ODllYyJ9", "expire_date": "2019-11-26T00:47:06.537Z"}}, {"model": "sessions.session", "pk": "hbr7w2e2ywr6dom2ug8h037ytiw2sxpv", "fields": {"session_data": "NzEyMzNjMDY2ZDAwZjFiZDE5OTgxYTgwNTdjMjRkMThhYzg3OTg2YTp7Il9hdXRoX3VzZXJfaWQiOiIxOCIsIl9hdXRoX3VzZXJfYmFja2VuZCI6ImRqYW5nby5jb250cmliLmF1dGguYmFja2VuZHMuTW9kZWxCYWNrZW5kIiwiX2F1dGhfdXNlcl9oYXNoIjoiMWVkM2YwZDgzOWJhNmI0NGU4MTY3MDlmMjg4NzFlZjc2YzE4ODllYyJ9", "expire_date": "2019-12-03T14:49:05.984Z"}}, {"model": "sessions.session", "pk": "i2d8uby9qvoa6ihdkcxq02bupl7ejwda", "fields": {"session_data": "NzEyMzNjMDY2ZDAwZjFiZDE5OTgxYTgwNTdjMjRkMThhYzg3OTg2YTp7Il9hdXRoX3VzZXJfaWQiOiIxOCIsIl9hdXRoX3VzZXJfYmFja2VuZCI6ImRqYW5nby5jb250cmliLmF1dGguYmFja2VuZHMuTW9kZWxCYWNrZW5kIiwiX2F1dGhfdXNlcl9oYXNoIjoiMWVkM2YwZDgzOWJhNmI0NGU4MTY3MDlmMjg4NzFlZjc2YzE4ODllYyJ9", "expire_date": "2019-11-26T01:19:06.160Z"}}, {"model": "sessions.session", "pk": "lfqoktib9p1n5icolf8jw8wtwpfz6qpy", "fields": {"session_data": "OTBjYWIwNDY0NGY0NjA2MTBjNzA3NGI2NjQ5ZWU2NzU5NjljNDdmZTp7Il9hdXRoX3VzZXJfaWQiOiIyMiIsIl9hdXRoX3VzZXJfYmFja2VuZCI6ImRqYW5nby5jb250cmliLmF1dGguYmFja2VuZHMuTW9kZWxCYWNrZW5kIiwiX2F1dGhfdXNlcl9oYXNoIjoiODQ0OTA0Yzg0OWNlZWZhMjJkZWFkNTMxMzJmNzUxMWZiMDJiZTAxNiJ9", "expire_date": "2019-12-05T18:30:10.052Z"}}, {"model": "sessions.session", "pk": "m8j6bt63otwz4idhbaozu4vqhvmx9chc", "fields": {"session_data": "YTlkMDNkMzY4ODNlOWVmNjZiOGNmZWZmNjU0ZGI5ZGY0MzNhYTIyZTp7Il9hdXRoX3VzZXJfaWQiOiIxIiwiX2F1dGhfdXNlcl9iYWNrZW5kIjoiZGphbmdvLmNvbnRyaWIuYXV0aC5iYWNrZW5kcy5Nb2RlbEJhY2tlbmQiLCJfYXV0aF91c2VyX2hhc2giOiJlZGY4ZmFiZjM5Mzc5MmExMDY0MzBhODg3MTEzMGMxODI3NWQ3ZDNjIn0=", "expire_date": "2019-11-02T15:40:19.790Z"}}, {"model": "sessions.session", "pk": "np5y56poiwpf9zrltidtt0wlnd2tct8h", "fields": {"session_data": "MjkyOGFmNTk1YzZmYWY0YTYzYzdlYzk1Y2M1ZDdjNDY5YWU2YzY2Mzp7fQ==", "expire_date": "2019-12-06T07:58:24.791Z"}}, {"model": "sessions.session", "pk": "tcbhn3pz3r0lqz63h4dt55zwwc92yn17", "fields": {"session_data": "OWVkZmVmNTczOGU2YTNkMjFkZWQ2YzlmNjI4ZmE4NDcyMzBlOWNiNTp7Il9hdXRoX3VzZXJfaWQiOiIyOCIsIl9hdXRoX3VzZXJfYmFja2VuZCI6ImRqYW5nby5jb250cmliLmF1dGguYmFja2VuZHMuTW9kZWxCYWNrZW5kIiwiX2F1dGhfdXNlcl9oYXNoIjoiYTNlN2M3MjRkNWQ2MjM5NjRhZmNhMGQzYWM3ZDYxMzE4MzM4MmQyMCJ9", "expire_date": "2020-01-09T14:09:34.889Z"}}, {"model": "sessions.session", "pk": "vjc98b4loqmb9r72hp2k5k7v822eqvuj", "fields": {"session_data": "MTFhNDc1ZTI1OTUzNDAwYmRhMDRiODlmNDQxODAxZDc4MGUwYmRmYjp7Il9hdXRoX3VzZXJfaWQiOiIyNCIsIl9hdXRoX3VzZXJfYmFja2VuZCI6ImRqYW5nby5jb250cmliLmF1dGguYmFja2VuZHMuTW9kZWxCYWNrZW5kIiwiX2F1dGhfdXNlcl9oYXNoIjoiZTQ5ODNlMDQxMDk1NjAxN2QwMGRkZDI5MzIxOTlkYjBmMGM1NTkzOCJ9", "expire_date": "2019-12-06T07:49:40.794Z"}}, {"model": "sessions.session", "pk": "wzqa924qkfachnjjf5isw7dvffxgwpas", "fields": {"session_data": "MDk3MjNkM2QyNDZhMmZkMjNhMjU1MDRjMGI1Y2EwM2RlZWFkY2EzMDp7Il9hdXRoX3VzZXJfaWQiOiIxMCIsIl9hdXRoX3VzZXJfYmFja2VuZCI6ImRqYW5nby5jb250cmliLmF1dGguYmFja2VuZHMuTW9kZWxCYWNrZW5kIiwiX2F1dGhfdXNlcl9oYXNoIjoiZmEyZjdiOWRjNGQxMTAxMzRmNWEzMWZhN2NiNjhhYzIwN2RhZTYyNiJ9", "expire_date": "2019-12-26T23:40:59.260Z"}}, {"model": "sessions.session", "pk": "xucottciunfg68ix20tz4lp6znvl0bob", "fields": {"session_data": "OTUwOGRmZGRlMGQ5MjQ1MTNhYzk5NjMyNjkxMGJkNTg3YmYyNjY4YTp7Il9hdXRoX3VzZXJfaWQiOiIxIiwiX2F1dGhfdXNlcl9oYXNoIjoiZDMyM2M2NGM3MzExOTZmNzZkYjk4NmYwYTM0YTg4MDgxYWUyNjVkMSIsIl9hdXRoX3VzZXJfYmFja2VuZCI6ImRqYW5nby5jb250cmliLmF1dGguYmFja2VuZHMuTW9kZWxCYWNrZW5kIn0=", "expire_date": "2019-10-13T22:40:36.418Z"}}, {"model": "sessions.session", "pk": "zg18kfm176c5wc99pjk36hd2kvxaj19h", "fields": {"session_data": "MjkyOGFmNTk1YzZmYWY0YTYzYzdlYzk1Y2M1ZDdjNDY5YWU2YzY2Mzp7fQ==", "expire_date": "2019-12-06T07:57:58.810Z"}}, {"model": "sessions.session", "pk": "zyauou2tskadxk9tssd5qslt4k694fjm", "fields": {"session_data": "MjA5MzcyZTVhNWMxNGFlN2IwYWY2ZmNkMWI0Y2E0YWU1NGI5Y2UzZjp7Il9wYXNzd29yZF9yZXNldF90b2tlbiI6IjVjNy00YThlZTk2ZjljN2JmMTlkNjkzYyJ9", "expire_date": "2019-12-26T23:39:43.876Z"}}, {"model": "blog.tag", "pk": 1, "fields": {"name": "Python", "description": "Python"}}, {"model": "blog.tag", "pk": 2, "fields": {"name": "Programmation", "description": "Programmation"}}, {"model": "course.language", "pk": 1, "fields": {"name": "Wolof", "abr": "WO"}}, {"model": "course.category", "pk": 1, "fields": {"name": "Programmation", "description": "Programmation"}}, {"model": "course.category", "pk": 2, "fields": {"name": "Python", "description": "Python"}}, {"model": "course.category", "pk": 3, "fields": {"name": "Html", "description": "Html"}}, {"model": "course.category", "pk": 4, "fields": {"name": "Django", "description": "Django"}}, {"model": "course.chapter", "pk": 1, "fields": {"name": "Introduction", "course": 1, "slug": "introduction", "date_created": "2019-09-29T23:30:38.332Z", "drafted": false}}, {"model": "course.chapter", "pk": 2, "fields": {"name": "Installation", "course": 1, "slug": "installation", "date_created": "2019-09-29T23:35:06.422Z", "drafted": false}}, {"model": "course.chapter", "pk": 3, "fields": {"name": "Les bases", "course": 1, "slug": "les-bases", "date_created": "2019-10-13T17:45:22.137Z", "drafted": false}}, {"model": "course.chapter", "pk": 4, "fields": {"name": "Les conditions", "course": 1, "slug": "les-conditions", "date_created": "2019-10-13T17:52:33.413Z", "drafted": false}}, {"model": "course.chapter", "pk": 5, "fields": {"name": "Les boucles", "course": 1, "slug": "les-boucles", "date_created": "2019-10-13T17:55:22.732Z", "drafted": false}}, {"model": "course.chapter", "pk": 6, "fields": {"name": "Les structures de donn\u00e9es", "course": 1, "slug": "les-structures-de-donnees", "date_created": "2019-10-13T17:57:16.719Z", "drafted": false}}, {"model": "course.chapter", "pk": 7, "fields": {"name": "Les fonctions", "course": 1, "slug": "les-fonctions", "date_created": "2019-10-13T18:03:45.289Z", "drafted": false}}, {"model": "course.chapter", "pk": 8, "fields": {"name": "Introduction", "course": 2, "slug": "introduction-1", "date_created": "2019-10-19T15:46:22.124Z", "drafted": false}}, {"model": "course.chapter", "pk": 9, "fields": {"name": "Introduction", "course": 3, "slug": "introduction-2", "date_created": "2019-11-11T13:34:00.497Z", "drafted": false}}, {"model": "course.chapter", "pk": 10, "fields": {"name": "Installation et configuration", "course": 3, "slug": "installation-et-configuration", "date_created": "2019-11-21T17:31:58.640Z", "drafted": false}}, {"model": "course.chapter", "pk": 11, "fields": {"name": "Django ORM", "course": 3, "slug": "django-orm", "date_created": "2019-11-21T17:38:08.352Z", "drafted": false}}, {"model": "course.chapter", "pk": 12, "fields": {"name": "Urls, Views et Templates", "course": 3, "slug": "urls-views-et-templates", "date_created": "2019-12-03T05:37:56.125Z", "drafted": false}}, {"model": "course.chapter", "pk": 13, "fields": {"name": "Authentification", "course": 3, "slug": "authentification", "date_created": "2019-12-03T05:44:25.286Z", "drafted": false}}, {"model": "course.lesson", "pk": 1, "fields": {"title": "Introduction", "text": "", "slug": "introduction", "file": "", "resource_link": null, "video_id": "3mU5-8wgVBI", "duration": 4, "platform": "Youtube", "chapter": 1, "drafted": false}}, {"model": "course.lesson", "pk": 2, "fields": {"title": "Installation Python pour Windows", "text": "", "slug": "installation-python-pour-windows", "file": "", "resource_link": null, "video_id": "FAIhJePz7Bg", "duration": 3, "platform": "Youtube", "chapter": 2, "drafted": false}}, {"model": "course.lesson", "pk": 3, "fields": {"title": "Installation Python pour Linux", "text": "", "slug": "installation-python-pour-linux", "file": "", "resource_link": null, "video_id": "tqk0c-O6SkI", "duration": 2, "platform": "Youtube", "chapter": 2, "drafted": false}}, {"model": "course.lesson", "pk": 4, "fields": {"title": "Installation VS Code pour Windows", "text": "", "slug": "installation-vs-code-pour-windows", "file": "", "resource_link": null, "video_id": "wfnLXfQNB6o", "duration": 4, "platform": "Youtube", "chapter": 2, "drafted": false}}, {"model": "course.lesson", "pk": 5, "fields": {"title": "Installation VS Code pour Linux", "text": "", "slug": "installation-vs-code-pour-linux", "file": "", "resource_link": null, "video_id": "tYhPVuGjcsI", "duration": 3, "platform": "Youtube", "chapter": 2, "drafted": false}}, {"model": "course.lesson", "pk": 6, "fields": {"title": "Ecrire votre premier programme", "text": "", "slug": "ecrire-votre-premier-programme", "file": "", "resource_link": null, "video_id": "Ed65u4UBPjI", "duration": 3, "platform": "Youtube", "chapter": 3, "drafted": false}}, {"model": "course.lesson", "pk": 7, "fields": {"title": "Les variables | Definition et utilisation", "text": "", "slug": "les-variables-definition", "file": "", "resource_link": null, "video_id": "zQSG1fJXjoI", "duration": 3, "platform": "Youtube", "chapter": 3, "drafted": false}}, {"model": "course.lesson", "pk": 8, "fields": {"title": "Convertir une variable", "text": "", "slug": "convertir-une-variable", "file": "", "resource_link": null, "video_id": "T_6oW86hrlI", "duration": 6, "platform": "Youtube", "chapter": 3, "drafted": false}}, {"model": "course.lesson", "pk": 9, "fields": {"title": "Les bool\u00e9ens", "text": "", "slug": "les-booleens", "file": "", "resource_link": null, "video_id": "GImMkVanSLA", "duration": 4, "platform": "Youtube", "chapter": 3, "drafted": false}}, {"model": "course.lesson", "pk": 10, "fields": {"title": "Les op\u00e9rateurs math\u00e9matiques p1", "text": "", "slug": "les-operateurs-mathematiques-p1", "file": "", "resource_link": null, "video_id": "MScnyj2BRhw", "duration": 8, "platform": "Youtube", "chapter": 3, "drafted": false}}, {"model": "course.lesson", "pk": 11, "fields": {"title": "Les op\u00e9rateurs math\u00e9matiques p2", "text": "", "slug": "les-operateurs-mathematiques-p2", "file": "", "resource_link": null, "video_id": "tpxr8rRjkgE", "duration": 6, "platform": "Youtube", "chapter": 3, "drafted": false}}, {"model": "course.lesson", "pk": 12, "fields": {"title": "Les op\u00e9rateurs de comparaison", "text": "", "slug": "les-operateurs-de-comparaison", "file": "", "resource_link": null, "video_id": "Z5trv9vmxcU", "duration": 5, "platform": "Youtube", "chapter": 3, "drafted": false}}, {"model": "course.lesson", "pk": 13, "fields": {"title": "Les fonctions de base", "text": "", "slug": "les-fonctions-de-base", "file": "", "resource_link": null, "video_id": "Kmms06DuhDY", "duration": 7, "platform": "Youtube", "chapter": 3, "drafted": false}}, {"model": "course.lesson", "pk": 14, "fields": {"title": "La condition IF", "text": "", "slug": "la-condition-if", "file": "", "resource_link": null, "video_id": "DvIxBQr49dA", "duration": 4, "platform": "Youtube", "chapter": 4, "drafted": false}}, {"model": "course.lesson", "pk": 15, "fields": {"title": "La condition ELSE", "text": "", "slug": "la-condition-elese", "file": "", "resource_link": null, "video_id": "Z3A87ZQYsaE", "duration": 3, "platform": "Youtube", "chapter": 4, "drafted": false}}, {"model": "course.lesson", "pk": 16, "fields": {"title": "La condition ELIF(Else IF)", "text": "", "slug": "la-condition-elifelse-if", "file": "", "resource_link": null, "video_id": "Z3A87ZQYsaE", "duration": 6, "platform": "Youtube", "chapter": 4, "drafted": false}}, {"model": "course.lesson", "pk": 17, "fields": {"title": "Boucle FOR", "text": "", "slug": "boucle-for", "file": "", "resource_link": null, "video_id": "lyPlM7mXTe8", "duration": 6, "platform": "Youtube", "chapter": 5, "drafted": false}}, {"model": "course.lesson", "pk": 18, "fields": {"title": "Boucle While", "text": "", "slug": "boucle-while", "file": "", "resource_link": null, "video_id": "bWdOfnxN8i0", "duration": 7, "platform": "Youtube", "chapter": 5, "drafted": false}}, {"model": "course.lesson", "pk": 19, "fields": {"title": "Les listes - Cr\u00e9er votre premiere liste", "text": "", "slug": "les-listes", "file": "", "resource_link": null, "video_id": "xhl2dzoWY6g", "duration": 8, "platform": "Youtube", "chapter": 6, "drafted": false}}, {"model": "course.lesson", "pk": 20, "fields": {"title": "Les listes - Manipulation d'une liste", "text": "", "slug": "les-listes-manipulation-dune-liste", "file": "", "resource_link": null, "video_id": "ma4IrS08hHk", "duration": 9, "platform": "Youtube", "chapter": 6, "drafted": false}}, {"model": "course.lesson", "pk": 21, "fields": {"title": "Les listes - Boucle et liste", "text": "", "slug": "les-listes-boucle-et-liste", "file": "", "resource_link": null, "video_id": "d4rmuMPBAb0", "duration": 5, "platform": "Youtube", "chapter": 6, "drafted": false}}, {"model": "course.lesson", "pk": 22, "fields": {"title": "Les Tuples", "text": "", "slug": "les-tuples", "file": "", "resource_link": null, "video_id": "FGnhiXVP2FE", "duration": 4, "platform": "Youtube", "chapter": 6, "drafted": false}}, {"model": "course.lesson", "pk": 23, "fields": {"title": "Les Tuples - partie 2", "text": "", "slug": "les-tuples-partie-2", "file": "", "resource_link": null, "video_id": "bvMoNP-X6HY", "duration": 5, "platform": "Youtube", "chapter": 6, "drafted": false}}, {"model": "course.lesson", "pk": 24, "fields": {"title": "Les dictionnaires - Introduction", "text": "", "slug": "les-dictionnaires-introduction", "file": "", "resource_link": null, "video_id": "3NSDPdwjM_E", "duration": 6, "platform": "Youtube", "chapter": 6, "drafted": false}}, {"model": "course.lesson", "pk": 25, "fields": {"title": "Les dictionnaires - Boucler dans un dictionnaire", "text": "", "slug": "les-dictionnaires-boucler-dans-un-dictionnaire", "file": "", "resource_link": null, "video_id": "AiH_ggVsBHE", "duration": 4, "platform": "Youtube", "chapter": 6, "drafted": false}}, {"model": "course.lesson", "pk": 26, "fields": {"title": "Les fonctions - Cr\u00e9er votre premiere fonction", "text": "", "slug": "les-fonctions-creer-votre-premiere-fonction", "file": "", "resource_link": null, "video_id": "KozoSznsZmU", "duration": 4, "platform": "Youtube", "chapter": 7, "drafted": false}}, {"model": "course.lesson", "pk": 27, "fields": {"title": "Les fonctions - Ajouter des arguments(Parameters)", "text": "", "slug": "les-fonctions-ajouter-des-argumentsparameters", "file": "", "resource_link": null, "video_id": "I4AnxyQcnkE", "duration": 6, "platform": "Youtube", "chapter": 7, "drafted": false}}, {"model": "course.lesson", "pk": 28, "fields": {"title": "Les fonctions - Aller plus loin", "text": "", "slug": "les-fonctions-aller-plus-loin", "file": "", "resource_link": null, "video_id": "s4Ip-DJ45Jc", "duration": 6, "platform": "Youtube", "chapter": 7, "drafted": false}}, {"model": "course.lesson", "pk": 29, "fields": {"title": "Introduction et pr\u00e9requis", "text": "<p>Dans cette video je vais vous introduire sur ce qu'on va cr\u00e9er.</p>", "slug": "introduction-et-prerequis", "file": "2129202948163/2129202948163.jpg", "resource_link": null, "video_id": "9dEIs-aOamc", "duration": 5, "platform": "Youtube", "chapter": 8, "drafted": false}}, {"model": "course.lesson", "pk": 30, "fields": {"title": "Presentation de la formation", "text": "<p>Presentation de la formation Django<br></p>", "slug": "presentation-de-la-formation", "file": "", "resource_link": null, "video_id": "S3RuYdJO-SA", "duration": 3, "platform": "Youtube", "chapter": 9, "drafted": false}}, {"model": "course.lesson", "pk": 31, "fields": {"title": "Les fondamentaux du Web", "text": "<p>Les fondamentaux du Web<br></p>", "slug": "les-fondamentaux-du-web", "file": "", "resource_link": null, "video_id": "UcWb8ATin3o", "duration": 8, "platform": "Youtube", "chapter": 9, "drafted": false}}, {"model": "course.lesson", "pk": 32, "fields": {"title": "Installation et configuration", "text": "<p>Installation et configuration<br></p>", "slug": "installation-et-configuration", "file": "", "resource_link": null, "video_id": "bw_BHGWNquY", "duration": 11, "platform": "Youtube", "chapter": 10, "drafted": false}}, {"model": "course.lesson", "pk": 33, "fields": {"title": "Installation de Django", "text": "", "slug": "installation-de-django", "file": "", "resource_link": null, "video_id": "VvVWJHbx1Yk", "duration": 6, "platform": "Youtube", "chapter": 10, "drafted": false}}, {"model": "course.lesson", "pk": 34, "fields": {"title": "Votre premier projet", "text": "", "slug": "votre-premier-projet", "file": "", "resource_link": null, "video_id": "04aiJFOuB0Q", "duration": 7, "platform": "Youtube", "chapter": 10, "drafted": false}}, {"model": "course.lesson", "pk": 35, "fields": {"title": "Administration de Django", "text": "", "slug": "administration-de-django", "file": "", "resource_link": null, "video_id": "k4nxI4R92iI", "duration": 5, "platform": "Youtube", "chapter": 10, "drafted": false}}, {"model": "course.lesson", "pk": 36, "fields": {"title": "Votre premiere application", "text": "", "slug": "votre-premiere-application", "file": "", "resource_link": null, "video_id": "hdfHaH3WosE", "duration": 6, "platform": "Youtube", "chapter": 10, "drafted": false}}, {"model": "course.lesson", "pk": 37, "fields": {"title": "Django ORM", "text": "", "slug": "django-orm", "file": "", "resource_link": null, "video_id": "hdfHaH3WosE", "duration": 9, "platform": "Youtube", "chapter": 11, "drafted": false}}, {"model": "course.lesson", "pk": 38, "fields": {"title": "Django Models", "text": "", "slug": "django-models", "file": "", "resource_link": null, "video_id": "I6fc9QHDlV8", "duration": 11, "platform": "Youtube", "chapter": 11, "drafted": false}}, {"model": "course.lesson", "pk": 39, "fields": {"title": "Django Les URLS", "text": "", "slug": "django-les-urls", "file": "", "resource_link": null, "video_id": "efEibCMOEsg", "duration": 5, "platform": "Youtube", "chapter": 12, "drafted": false}}, {"model": "course.lesson", "pk": 40, "fields": {"title": "Django Les views", "text": "", "slug": "django-les-views", "file": "", "resource_link": null, "video_id": "NTe_K15fv10", "duration": 6, "platform": "Youtube", "chapter": 12, "drafted": false}}, {"model": "course.lesson", "pk": 41, "fields": {"title": "Django Les templates", "text": "", "slug": "django-les-templates", "file": "", "resource_link": null, "video_id": "A56rniXXKww", "duration": 9, "platform": "Youtube", "chapter": 12, "drafted": false}}, {"model": "course.lesson", "pk": 42, "fields": {"title": "Introduction au Bootstrap", "text": "", "slug": "introduction-au-bootstrap", "file": "", "resource_link": null, "video_id": "XG_VYRvUXUE", "duration": 9, "platform": "Youtube", "chapter": 12, "drafted": false}}, {"model": "course.lesson", "pk": 43, "fields": {"title": "Les balises de Django, Template tags", "text": "", "slug": "les-balises-de-django-template-tags", "file": "", "resource_link": null, "video_id": "IxfZF06XlPQ", "duration": 11, "platform": "Youtube", "chapter": 12, "drafted": false}}, {"model": "course.lesson", "pk": 44, "fields": {"title": "Afficher la liste des contacts", "text": "", "slug": "afficher-la-liste-des-contacts", "file": "", "resource_link": null, "video_id": "xx8fW-E3nNA", "duration": 12, "platform": "Youtube", "chapter": 12, "drafted": false}}, {"model": "course.lesson", "pk": 45, "fields": {"title": "Afficher les details d'un contacts", "text": "", "slug": "afficher-les-details-dun-contacts", "file": "", "resource_link": null, "video_id": "oDBXQUQQJ2k", "duration": 8, "platform": "Youtube", "chapter": 12, "drafted": false}}, {"model": "course.lesson", "pk": 46, "fields": {"title": "Cr\u00e9er des urls Dynamiques", "text": "", "slug": "creer-des-urls-dynamiques", "file": "", "resource_link": null, "video_id": "bXmVAkxABMA", "duration": 7, "platform": "Youtube", "chapter": 12, "drafted": false}}, {"model": "course.lesson", "pk": 47, "fields": {"title": "Les d\u00e9corateurs", "text": "", "slug": "les-decorateurs", "file": "", "resource_link": null, "video_id": "-SFb3_-msuE", "duration": 4, "platform": "Youtube", "chapter": 13, "drafted": false}}, {"model": "course.lesson", "pk": 48, "fields": {"title": "Authentifier un utilisateur / Connexion", "text": "", "slug": "authentifier-un-utilisateur-connexion", "file": "", "resource_link": null, "video_id": "9B1fdF5frwA", "duration": 15, "platform": "Youtube", "chapter": 13, "drafted": false}}, {"model": "course.lesson", "pk": 49, "fields": {"title": "Authentifier un utilisateur / Connexion partie 2", "text": "", "slug": "authentifier-un-utilisateur-connexion-partie-2", "file": "", "resource_link": null, "video_id": "FhO55dXkyv0", "duration": 10, "platform": "Youtube", "chapter": 13, "drafted": false}}, {"model": "pages.subscribe", "pk": 1, "fields": {"email_id": "mstspr1155@gmail.com", "timestamp": "2019-09-30T18:12:44.219Z"}}, {"model": "pages.subscribe", "pk": 2, "fields": {"email_id": "tinegalass@gmail.com", "timestamp": "2019-10-08T02:12:18.508Z"}}, {"model": "pages.subscribe", "pk": 3, "fields": {"email_id": "baseydou95@gmail.com", "timestamp": "2019-11-12T01:17:38.543Z"}}, {"model": "pages.subscribe", "pk": 4, "fields": {"email_id": "cheikhahmad@live.fr", "timestamp": "2019-11-24T16:33:42.664Z"}}, {"model": "pages.subscribe", "pk": 5, "fields": {"email_id": "demeseydou@gmail.com", "timestamp": "2019-12-06T23:26:01.339Z"}}, {"model": "pages.subscribe", "pk": 6, "fields": {"email_id": "arakh9@gmail.com", "timestamp": "2019-12-15T19:58:17.864Z"}}, {"model": "course.course", "pk": 1, "fields": {"title": "Python pour les d\u00e9butants", "description": "Python pour les d\u00e9butants", "is_free": true, "price": "0.00", "level": "D\u00e9butant", "slug": "python-pour-les-debutants", "thumbnail": "4737095287690/4737095287690.jpeg", "teacher": 1, "date_created": "2019-09-29T23:27:55.331Z", "language": null, "drafted": false, "students": [14, 15, 16, 17, 18, 22], "categories": [1, 2]}}, {"model": "course.course", "pk": 2, "fields": {"title": "Cr\u00e9er votre premier site internet", "description": "Dans cette formation nous allons cr\u00e9er notre premier site internet.", "is_free": true, "price": "0.00", "level": "D\u00e9butant", "slug": "creer-votre-premier-site-internet", "thumbnail": "8638059748577/8638059748577.jpg", "teacher": 1, "date_created": "2019-10-19T15:45:09.798Z", "language": 1, "drafted": false, "students": [14, 25], "categories": [1, 3]}}, {"model": "course.course", "pk": 3, "fields": {"title": "Apprendre Django", "description": "Formation complete Django - Pour d\u00e9butants", "is_free": true, "price": "0.00", "level": "D\u00e9butant", "slug": "apprendre-django", "thumbnail": "6044768531135/6044768531135.jpg", "teacher": 1, "date_created": "2019-11-11T13:33:13.080Z", "language": 1, "drafted": false, "students": [14, 18, 23, 26, 27, 28], "categories": [1, 2, 4]}}, {"model": "blog.post", "pk": 1, "fields": {"author": 1, "title": "Apprendre le langage de programmation python", "content": "<p>Python est l'un des langages les plus utilises et les plus populaires, des sites comme Instagram, Nasa, Mozila et Reddit utilisent Python. Apprendre ce langage vous garanti un emploi dans l'industrie. Il est \u00e9galement tr\u00e8s utilis\u00e9 dans l'apprentissage automatique, l'analyse de donn\u00e9es, l'infrastructure cloud et DevOps, ainsi que dans plusieurs autres disciplines.</p><p>Aujourd\u2019hui nous allons partager avec vous 5 sites indispensables pour apprendre ce dernier , gratuitement.</p><p><a href=\"https://docs.python.org/3/tutorial/index.html\" target=\"_blank\">1- Python.org</a></p><p>Le meilleur endroit pour apprendre une technologie est celui de sa documentation, une technologie bien document\u00e9e c'est du gain de temps d\u2019\u00e9nergie et de ressources.</p><p>Ce&nbsp;<a href=\"https://docs.python.org/3/tutorial/index.html\" target=\"_blank\">site</a>&nbsp;vous permet non seulement d'apprendre les bases du langages mais tout dont vous aurez besoin pour commencer a d\u00e9velopper des applications.</p><p><a href=\"https://www.w3schools.com/python/default.asp\" target=\"_blank\">2- W3School</a></p><p>Ce&nbsp;<a href=\"https://www.w3schools.com/python/default.asp\" target=\"_blank\">site</a>&nbsp; il est connu dans le monde du d\u00e9veloppement grace a ses tutoriels bien structures. Au debut il partageait des cours sur Html, Css et Javascript, maintenant vous pouvez apprendre beaucoup de choses avec cette&nbsp;<a href=\"https://www.w3schools.com/python/default.asp\" target=\"_blank\">plateforme</a>.</p><p>Le parcours Python accompagne par des exercises et des cas pratiques vous permet d'apprendre les concepts et les mettre en oeuvre. Avec son \u00e9diteur int\u00e9gr\u00e9 vous pouvez commencer a d\u00e9velopper sous Python sans besoin d'installer des ressources additionnels.</p><p><a href=\"https://realpython.com/\" target=\"_blank\">3- Real Python</a></p><p>Si vous voulez apprendre les concepts de Python en profondeur visitez ce&nbsp;<a href=\"https://realpython.com/\" target=\"_blank\">site</a>.</p><p>Cette plateforme est juste incroyable, ils ne vous consid\u00e8rent pas comme \u00e9tant un d\u00e9butant mais un Pythonist qui cherche a se perfectionner.</p><p>4-&nbsp;<a href=\"https://www.sololearn.com/Course/Python/\" target=\"_blank\">Solo Learn</a></p><p><span style=\"font-weight: 700;\">Apprenez le python de la mani\u00e8re la plus sociale et amusante avec SoloLearn!</span></p><p>Avec ce&nbsp;<a href=\"https://www.sololearn.com/Course/Python/\" target=\"_blank\">site</a>&nbsp;l'apprentissage d'un langage est facile et amusant en meme temps, Solo Learn non seulement il vous donne des cours ainsi que des certificats de r\u00e9ussite.</p><p>5-&nbsp;<a href=\"https://www.codecademy.com/learn/learn-python-3\" target=\"_blank\">Codecademy</a>&nbsp;</p><p>Apprenez les bases du langage de programmation le plus utilis\u00e9 et \u00e0 la croissance la plus rapide au monde, utilis\u00e9 par les ing\u00e9nieurs logiciels, les analystes, les scientifiques de donn\u00e9es et les ing\u00e9nieurs en apprentissage automatique.</p><p>Des d\u00e9veloppeurs de NASA, Quora, IBM et Facebook utilisent ce site pour apprendre la programmation. Codecademy est un&nbsp;<a href=\"https://www.codecademy.com/learn/learn-python-3\" target=\"_blank\">site</a>&nbsp;interactif qui met l'accent sur la th\u00e9orie et la pratique.</p><p><i><span style=\"font-size: 18px;\">Qu'en pensez-vous ? connaissez-vous d'autres ressources pour apprendre Python ?</span></i></p>", "slug": "apprendre-le-langage-de-programmation-python", "image": "4684573733341/4684573733341.jpeg", "cloud_image": null, "published": true, "date_created": "2019-10-05T23:21:13.534Z", "date_published": "2019-10-05T23:20:46Z", "date_updated": null, "tags": [1, 2]}}]