[{"model": "sessions.session", "pk": "0abqc1ynmzj6fmmb9iwlyivkkfoizyd5", "fields": {"session_data": "NjBlYjIxNWY2NDI4ODY2NzQ0ZDkwNjI5ZmJjYjRjNDZkYmQ1YTQ0ODp7Il9hdXRoX3VzZXJfaWQiOiI4MCIsIl9hdXRoX3VzZXJfYmFja2VuZCI6ImRqYW5nby5jb250cmliLmF1dGguYmFja2VuZHMuTW9kZWxCYWNrZW5kIiwiX2F1dGhfdXNlcl9oYXNoIjoiMzllN2IzMjMxMjZiZTU1NmQ2MmExOTk4NWRmOTk2ZmNlMWZiZTk2OSJ9", "expire_date": "2020-05-04T12:32:49.613Z"}}, {"model": "sessions.session", "pk": "0p3jtz8l1bkv0m6swoc80oh4o5p4zqar", "fields": {"session_data": "MjkyOGFmNTk1YzZmYWY0YTYzYzdlYzk1Y2M1ZDdjNDY5YWU2YzY2Mzp7fQ==", "expire_date": "2020-04-26T21:09:42.760Z"}}, {"model": "sessions.session", "pk": "0quk8qlw5i60q6w6lcz72zxhycbyr84t", "fields": {"session_data": "YTlkMDNkMzY4ODNlOWVmNjZiOGNmZWZmNjU0ZGI5ZGY0MzNhYTIyZTp7Il9hdXRoX3VzZXJfaWQiOiIxIiwiX2F1dGhfdXNlcl9iYWNrZW5kIjoiZGphbmdvLmNvbnRyaWIuYXV0aC5iYWNrZW5kcy5Nb2RlbEJhY2tlbmQiLCJfYXV0aF91c2VyX2hhc2giOiJlZGY4ZmFiZjM5Mzc5MmExMDY0MzBhODg3MTEzMGMxODI3NWQ3ZDNjIn0=", "expire_date": "2019-12-08T02:50:13.359Z"}}, {"model": "sessions.session", "pk": "0snls439m43gcvwewmoslpfw6cbvp0l0", "fields": {"session_data": "NTNlNjYwNDYxNGZiMzdmMmVhOWNhOTI4MmIzNzg4M2U4ZGE3YzU1OTp7Il9hdXRoX3VzZXJfaWQiOiIzNCIsIl9hdXRoX3VzZXJfYmFja2VuZCI6ImRqYW5nby5jb250cmliLmF1dGguYmFja2VuZHMuTW9kZWxCYWNrZW5kIiwiX2F1dGhfdXNlcl9oYXNoIjoiNGE4YmEyZmVjYmUxMGYwNzRlNzQ3NDNkNGYzZDcwZmUyZjcyNDAzZiJ9", "expire_date": "2020-02-22T01:27:32.365Z"}}, {"model": "sessions.session", "pk": "1hx9a0t927pagv37cqfjc8divuvath0x", "fields": {"session_data": "MDgwNWE0NDIyMTJhNmJmYmQwNGJiZDZmOGU4ZDhiMjg1ZDU4OGUzNTp7Il9hdXRoX3VzZXJfaWQiOiIzMiIsIl9hdXRoX3VzZXJfYmFja2VuZCI6ImRqYW5nby5jb250cmliLmF1dGguYmFja2VuZHMuTW9kZWxCYWNrZW5kIiwiX2F1dGhfdXNlcl9oYXNoIjoiNmU1YWQyMmNiNTVhYjBjNGMwYTk1ZTE0NDU3MDA1NzBhMWNmMjc0ZiJ9", "expire_date": "2020-02-19T00:43:33.310Z"}}, {"model": "sessions.session", "pk": "1nbrf120nrih32goqlcub8bvo9q6zzn1", "fields": {"session_data": "Mjk3ZTBiNzY1YzE2NDk5NzA5ZmMyOTVjNzMyMWQ1ZWUwZTBmNWNhNjp7Il9hdXRoX3VzZXJfaWQiOiIyNyIsIl9hdXRoX3VzZXJfYmFja2VuZCI6ImRqYW5nby5jb250cmliLmF1dGguYmFja2VuZHMuTW9kZWxCYWNrZW5kIiwiX2F1dGhfdXNlcl9oYXNoIjoiMjZiMWYxZmM1NDlhN2JlNWY0ZjIyZjkwMDc0NjlhMTFiNTM3YjQxMCJ9", "expire_date": "2019-12-18T11:38:17.542Z"}}, {"model": "sessions.session", "pk": "252cuqzkgoqntuo6cvbupvimox16xc3h", "fields": {"session_data": "YTlkMDNkMzY4ODNlOWVmNjZiOGNmZWZmNjU0ZGI5ZGY0MzNhYTIyZTp7Il9hdXRoX3VzZXJfaWQiOiIxIiwiX2F1dGhfdXNlcl9iYWNrZW5kIjoiZGphbmdvLmNvbnRyaWIuYXV0aC5iYWNrZW5kcy5Nb2RlbEJhY2tlbmQiLCJfYXV0aF91c2VyX2hhc2giOiJlZGY4ZmFiZjM5Mzc5MmExMDY0MzBhODg3MTEzMGMxODI3NWQ3ZDNjIn0=", "expire_date": "2019-11-02T18:16:51.845Z"}}, {"model": "sessions.session", "pk": "2ijvhbexpodml1nro48e25sk1n42vir2", "fields": {"session_data": "YTlkMDNkMzY4ODNlOWVmNjZiOGNmZWZmNjU0ZGI5ZGY0MzNhYTIyZTp7Il9hdXRoX3VzZXJfaWQiOiIxIiwiX2F1dGhfdXNlcl9iYWNrZW5kIjoiZGphbmdvLmNvbnRyaWIuYXV0aC5iYWNrZW5kcy5Nb2RlbEJhY2tlbmQiLCJfYXV0aF91c2VyX2hhc2giOiJlZGY4ZmFiZjM5Mzc5MmExMDY0MzBhODg3MTEzMGMxODI3NWQ3ZDNjIn0=", "expire_date": "2019-12-31T15:43:31.859Z"}}, {"model": "sessions.session", "pk": "2l88es91tr24ph3cb5h67twimrxt0tur", "fields": {"session_data": "NzgzOTAzYzIwNDk4OTgyNTE1YmZhZjI2YjEyMzRhZTJmMDg5MzIyODp7Il9hdXRoX3VzZXJfaWQiOiI0NCIsIl9hdXRoX3VzZXJfYmFja2VuZCI6ImRqYW5nby5jb250cmliLmF1dGguYmFja2VuZHMuTW9kZWxCYWNrZW5kIiwiX2F1dGhfdXNlcl9oYXNoIjoiYWM5MDkxNTRlM2E4ODhlNzM3NjMyOWViZGNiNTViYWI4MzdkYWMxYSJ9", "expire_date": "2020-03-16T16:13:34.687Z"}}, {"model": "sessions.session", "pk": "326k4u8v1b8l60s19nzekwl4yiiiyycc", "fields": {"session_data": "MzEwZDZjZmRlYjA4ZTg3MTRhZGEzN2FlMmEwYzJkMDMxYWJkN2Q4NTp7Il9hdXRoX3VzZXJfaWQiOiI0NyIsIl9hdXRoX3VzZXJfYmFja2VuZCI6ImRqYW5nby5jb250cmliLmF1dGguYmFja2VuZHMuTW9kZWxCYWNrZW5kIiwiX2F1dGhfdXNlcl9oYXNoIjoiOGMzYWY4ZTZiMTMzYjc3NWNkN2EyNTcyODdlNTA4NDlmNmFkZjEwYiJ9", "expire_date": "2020-03-29T23:59:21.699Z"}}, {"model": "sessions.session", "pk": "39l80ozl3fblcs44m8ihprbc7h0z6phw", "fields": {"session_data": "MWNmMGE3ZmQzMzIzZjk0OTEyOTgzNjdmOWVlZmZiODgxOGNiNGYxODp7Il9hdXRoX3VzZXJfaWQiOiIxMDMiLCJfYXV0aF91c2VyX2JhY2tlbmQiOiJkamFuZ28uY29udHJpYi5hdXRoLmJhY2tlbmRzLk1vZGVsQmFja2VuZCIsIl9hdXRoX3VzZXJfaGFzaCI6IjliYjUwNDBhYTA5MmVhNTljYWY4ZDFmY2NiMDBhNzhjNmNiNzU5ODUifQ==", "expire_date": "2020-05-05T19:40:56.220Z"}}, {"model": "sessions.session", "pk": "39s4a48djkf268mzxee0gjzb4s52unxf", "fields": {"session_data": "YzM5Yjc1ZDY1NTMzYTdiZGJiMTA2ZGExNzFmMGViYjgzZjc3N2E2YTp7Il9hdXRoX3VzZXJfaWQiOiI3MCIsIl9hdXRoX3VzZXJfYmFja2VuZCI6ImRqYW5nby5jb250cmliLmF1dGguYmFja2VuZHMuTW9kZWxCYWNrZW5kIiwiX2F1dGhfdXNlcl9oYXNoIjoiMTVlOGRiZGE5NWQzYWFiNzBmODg3ODA4ZTA3N2YyN2I0MWNhM2M4MSJ9", "expire_date": "2020-04-27T03:25:38.820Z"}}, {"model": "sessions.session", "pk": "3ij9uwk012m4uuw9yt265i4guljhtylr", "fields": {"session_data": "OTliNmUwNjQ1YjljMzJkZDIwZmE4MWMyZTUxYTc3MmQ1NWRmMDZiZTp7Il9hdXRoX3VzZXJfaWQiOiIxIiwiX2F1dGhfdXNlcl9iYWNrZW5kIjoiZGphbmdvLmNvbnRyaWIuYXV0aC5iYWNrZW5kcy5Nb2RlbEJhY2tlbmQiLCJfYXV0aF91c2VyX2hhc2giOiJiZGI0YjUzOGQ1MTViZDI4OGUwNWEyODU3YTljYmJlODk5OTA5Mjk3In0=", "expire_date": "2020-02-21T17:01:44.322Z"}}, {"model": "sessions.session", "pk": "3kex4smx5byibtsazyiwt65fn5fehdbt", "fields": {"session_data": "NDVkZjVhYmI0N2VhNmM3YTBmMTliODM0ZjEyMTEwNWNmMTgzOGIzYjp7Il9hdXRoX3VzZXJfaWQiOiIxMDEiLCJfYXV0aF91c2VyX2JhY2tlbmQiOiJkamFuZ28uY29udHJpYi5hdXRoLmJhY2tlbmRzLk1vZGVsQmFja2VuZCIsIl9hdXRoX3VzZXJfaGFzaCI6IjNjODk5YWJkNWZlZGRkYjkzZWYxNDExZGFmNjFkMjA4NDQ3YTUzNzgifQ==", "expire_date": "2020-05-05T15:33:48.984Z"}}, {"model": "sessions.session", "pk": "3yupg96dbf9mhcuoyc7c2wlyxkfbe104", "fields": {"session_data": "OGRiNmUzNzFjYTNjN2Y2MGE2OTM4MmNhNDAyYjMxYTQ2ZDY3ZGNmZTp7Il9hdXRoX3VzZXJfaWQiOiI1NCIsIl9hdXRoX3VzZXJfYmFja2VuZCI6ImRqYW5nby5jb250cmliLmF1dGguYmFja2VuZHMuTW9kZWxCYWNrZW5kIiwiX2F1dGhfdXNlcl9oYXNoIjoiYjIzZGU4MDBhOTIwNmMzMTY1NTgyZGQwYmMzMTU1OTVhYTgwMmE5MyJ9", "expire_date": "2020-04-12T02:40:30.063Z"}}, {"model": "sessions.session", "pk": "42r0op50qux9ee2op6wf5p6h4ink3ldt", "fields": {"session_data": "OGNkYWVmYjk3OGQ0ZWI1YTNmNTdmZmQxMDQ5ZjYxZTU3NDRiNjBiZDp7Il9hdXRoX3VzZXJfaWQiOiIxMyIsIl9hdXRoX3VzZXJfYmFja2VuZCI6ImRqYW5nby5jb250cmliLmF1dGguYmFja2VuZHMuTW9kZWxCYWNrZW5kIiwiX2F1dGhfdXNlcl9oYXNoIjoiZGM3Njk3NjA0YzI0ODRmNDYxZmFkNDllNWFhNzc2ZTYyZTNlYzczZCJ9", "expire_date": "2019-10-22T01:04:59.213Z"}}, {"model": "sessions.session", "pk": "4i3ugdp5ng3opzwg5xowcagdfpgvnh7u", "fields": {"session_data": "OTUwOGRmZGRlMGQ5MjQ1MTNhYzk5NjMyNjkxMGJkNTg3YmYyNjY4YTp7Il9hdXRoX3VzZXJfaWQiOiIxIiwiX2F1dGhfdXNlcl9oYXNoIjoiZDMyM2M2NGM3MzExOTZmNzZkYjk4NmYwYTM0YTg4MDgxYWUyNjVkMSIsIl9hdXRoX3VzZXJfYmFja2VuZCI6ImRqYW5nby5jb250cmliLmF1dGguYmFja2VuZHMuTW9kZWxCYWNrZW5kIn0=", "expire_date": "2019-10-13T23:21:31.858Z"}}, {"model": "sessions.session", "pk": "4vaxwl6t1lri20qi1x2ylli271h9a1vd", "fields": {"session_data": "YTlkMDNkMzY4ODNlOWVmNjZiOGNmZWZmNjU0ZGI5ZGY0MzNhYTIyZTp7Il9hdXRoX3VzZXJfaWQiOiIxIiwiX2F1dGhfdXNlcl9iYWNrZW5kIjoiZGphbmdvLmNvbnRyaWIuYXV0aC5iYWNrZW5kcy5Nb2RlbEJhY2tlbmQiLCJfYXV0aF91c2VyX2hhc2giOiJlZGY4ZmFiZjM5Mzc5MmExMDY0MzBhODg3MTEzMGMxODI3NWQ3ZDNjIn0=", "expire_date": "2019-12-14T19:53:39.286Z"}}, {"model": "sessions.session", "pk": "5a667orieu5vxbeypgc2hpr9c7s9dv6q", "fields": {"session_data": "YWVmZGJjMTE5MDBiM2MzMGMzOGJmNzFmNjI0NzIzYWQyMTZhZTdjNzp7Il9hdXRoX3VzZXJfaWQiOiI1MCIsIl9hdXRoX3VzZXJfYmFja2VuZCI6ImRqYW5nby5jb250cmliLmF1dGguYmFja2VuZHMuTW9kZWxCYWNrZW5kIiwiX2F1dGhfdXNlcl9oYXNoIjoiZTRhODc4Y2QwNDBhYzllNDUxZTgxZWQwYjg4MDZiZmQzYmJhMjVmOCJ9", "expire_date": "2020-03-30T15:14:56.476Z"}}, {"model": "sessions.session", "pk": "5gx0dkam636lyovoi7mu9sfqokfwhrbb", "fields": {"session_data": "YWFhZGRmMWMwZmViMTk5YzIwMDRjMTZmYzhlYmI3OTNjYmU4YzM5Nzp7Il9hdXRoX3VzZXJfaWQiOiIyMCIsIl9hdXRoX3VzZXJfYmFja2VuZCI6ImRqYW5nby5jb250cmliLmF1dGguYmFja2VuZHMuTW9kZWxCYWNrZW5kIiwiX2F1dGhfdXNlcl9oYXNoIjoiNzMzYzRhY2IyNzhiMDNjNzYyZGM3NzU3NWFmNTFmNDlhNjc4ODRkNSJ9", "expire_date": "2019-11-26T09:03:12.729Z"}}, {"model": "sessions.session", "pk": "5nivc53c1ldu3ktuu8okuv7zaq5hcq8y", "fields": {"session_data": "YTlkMDNkMzY4ODNlOWVmNjZiOGNmZWZmNjU0ZGI5ZGY0MzNhYTIyZTp7Il9hdXRoX3VzZXJfaWQiOiIxIiwiX2F1dGhfdXNlcl9iYWNrZW5kIjoiZGphbmdvLmNvbnRyaWIuYXV0aC5iYWNrZW5kcy5Nb2RlbEJhY2tlbmQiLCJfYXV0aF91c2VyX2hhc2giOiJlZGY4ZmFiZjM5Mzc5MmExMDY0MzBhODg3MTEzMGMxODI3NWQ3ZDNjIn0=", "expire_date": "2019-12-17T05:32:48.029Z"}}, {"model": "sessions.session", "pk": "5s7vy6umvt9ffuxk2dhihpc8u4nz9k9q", "fields": {"session_data": "NDVkZjVhYmI0N2VhNmM3YTBmMTliODM0ZjEyMTEwNWNmMTgzOGIzYjp7Il9hdXRoX3VzZXJfaWQiOiIxMDEiLCJfYXV0aF91c2VyX2JhY2tlbmQiOiJkamFuZ28uY29udHJpYi5hdXRoLmJhY2tlbmRzLk1vZGVsQmFja2VuZCIsIl9hdXRoX3VzZXJfaGFzaCI6IjNjODk5YWJkNWZlZGRkYjkzZWYxNDExZGFmNjFkMjA4NDQ3YTUzNzgifQ==", "expire_date": "2020-05-06T05:28:13.759Z"}}, {"model": "sessions.session", "pk": "5xaq76wfu8w64bb0ibyksyrmmtlo15as", "fields": {"session_data": "YzY0MWM1MjM2MGY4MWI5NjZlMTdiNjUzMzZlZWQ5YTEwOTU4YmFjMTp7Il9hdXRoX3VzZXJfaWQiOiI3NyIsIl9hdXRoX3VzZXJfYmFja2VuZCI6ImRqYW5nby5jb250cmliLmF1dGguYmFja2VuZHMuTW9kZWxCYWNrZW5kIiwiX2F1dGhfdXNlcl9oYXNoIjoiZDFlYjVkMTJiMzA1MDIxMmUxNDJmODNkN2MyODdmNmU0ZDFlNzEyMiJ9", "expire_date": "2020-04-30T00:54:06.715Z"}}, {"model": "sessions.session", "pk": "642n2cp26w7h6n55q74q8ko6q2layvzs", "fields": {"session_data": "Y2U0MDg0ZTU5YWVjOWY5MTI5OWY0MzMwNzE5NDZlNWZmZjNkZDg2ZDp7Il9hdXRoX3VzZXJfaWQiOiIyMyIsIl9hdXRoX3VzZXJfYmFja2VuZCI6ImRqYW5nby5jb250cmliLmF1dGguYmFja2VuZHMuTW9kZWxCYWNrZW5kIiwiX2F1dGhfdXNlcl9oYXNoIjoiYzhlNTcwM2RjODFmMTE3ZjljYjQyOGMyNzgwOTA4Yjc2NzY5NmQ0NiJ9", "expire_date": "2019-12-05T19:02:41.251Z"}}, {"model": "sessions.session", "pk": "76k6atpmjs9bm2y4847tofunhixywplt", "fields": {"session_data": "NTE3Y2IzNmZhZTUwNjA3Mjg5ZDY5ZWMzYzgyMjdjZTUyMmY0YWU4Mzp7Il9hdXRoX3VzZXJfaWQiOiIxMDgiLCJfYXV0aF91c2VyX2JhY2tlbmQiOiJkamFuZ28uY29udHJpYi5hdXRoLmJhY2tlbmRzLk1vZGVsQmFja2VuZCIsIl9hdXRoX3VzZXJfaGFzaCI6ImE0NGNhZWU3NGMxZTFkYjUyNDU5MjkxN2U3ZWVlZDAyNzE0ZDJiMGQifQ==", "expire_date": "2020-05-09T11:20:42.583Z"}}, {"model": "sessions.session", "pk": "7g1pmnu9mplf4rfr7ulyq7ulbmippj93", "fields": {"session_data": "ODY3YWJiZTA2YjBiMzVkYTg0NGE1NWU5ZGVkNWIyZWQxOGE5Njg0Yjp7Il9hdXRoX3VzZXJfaWQiOiI5MCIsIl9hdXRoX3VzZXJfYmFja2VuZCI6ImRqYW5nby5jb250cmliLmF1dGguYmFja2VuZHMuTW9kZWxCYWNrZW5kIiwiX2F1dGhfdXNlcl9oYXNoIjoiZDdkMDZiM2IxZmMzYTc1OTFhMTdhMWFhYzk5YTE2ZDU5ZWUxNzBhOCJ9", "expire_date": "2020-05-04T23:02:06.548Z"}}, {"model": "sessions.session", "pk": "7wt6vfiz8c6oikimw1e904a8bcodo6p0", "fields": {"session_data": "NzEyMzNjMDY2ZDAwZjFiZDE5OTgxYTgwNTdjMjRkMThhYzg3OTg2YTp7Il9hdXRoX3VzZXJfaWQiOiIxOCIsIl9hdXRoX3VzZXJfYmFja2VuZCI6ImRqYW5nby5jb250cmliLmF1dGguYmFja2VuZHMuTW9kZWxCYWNrZW5kIiwiX2F1dGhfdXNlcl9oYXNoIjoiMWVkM2YwZDgzOWJhNmI0NGU4MTY3MDlmMjg4NzFlZjc2YzE4ODllYyJ9", "expire_date": "2019-11-26T00:12:29.616Z"}}, {"model": "sessions.session", "pk": "8auo0ik1x9x59prmhybs44bpzp52o01m", "fields": {"session_data": "ZWNiMmQ1M2I3YjYwMmVlZTEwMzIyZDYyN2EwN2E1NGRlNTNlYjgyMTp7Il9hdXRoX3VzZXJfaWQiOiIxMDciLCJfYXV0aF91c2VyX2JhY2tlbmQiOiJkamFuZ28uY29udHJpYi5hdXRoLmJhY2tlbmRzLk1vZGVsQmFja2VuZCIsIl9hdXRoX3VzZXJfaGFzaCI6IjUwNDcwYjdlYjYxZWIyMDJjYmY0NDFhYmE1NmFkOWI1ZTNlNzRkM2MifQ==", "expire_date": "2020-05-08T04:24:26.162Z"}}, {"model": "sessions.session", "pk": "8qb31s6kng8w393p1oly0za0mlb7nolb", "fields": {"session_data": "YjQ0YWRlOTcxMTE1ZTgwNGY2MTg5ZjI1MzliYjEyNjkwMjBmOTAwZjp7Il9hdXRoX3VzZXJfaWQiOiI4OCIsIl9hdXRoX3VzZXJfYmFja2VuZCI6ImRqYW5nby5jb250cmliLmF1dGguYmFja2VuZHMuTW9kZWxCYWNrZW5kIiwiX2F1dGhfdXNlcl9oYXNoIjoiZmEyOTFiMDczYzdiOGMzYTFkMmFmZWVlODU0YTY3MzczZjY3ZDRkMSJ9", "expire_date": "2020-05-04T22:44:02.016Z"}}, {"model": "sessions.session", "pk": "8vja0hespbmca4q67c2qqn6eqvdbmla8", "fields": {"session_data": "ZTBiYzMzODc3YTM4NDE4NTRmZWQ2YTA0NzBjM2U1ZjE1YWJiNWI2Zjp7Il9hdXRoX3VzZXJfaWQiOiIxMDUiLCJfYXV0aF91c2VyX2JhY2tlbmQiOiJkamFuZ28uY29udHJpYi5hdXRoLmJhY2tlbmRzLk1vZGVsQmFja2VuZCIsIl9hdXRoX3VzZXJfaGFzaCI6IjE4YzJjY2M2Zjg4NDhhNDgwMThlODM0ZGE4YmU5OWY0NGUyMTY3MDkifQ==", "expire_date": "2020-05-06T04:02:55.304Z"}}, {"model": "sessions.session", "pk": "99f9wveys6pogtdg3znitbn91qd497hz", "fields": {"session_data": "OTliNmUwNjQ1YjljMzJkZDIwZmE4MWMyZTUxYTc3MmQ1NWRmMDZiZTp7Il9hdXRoX3VzZXJfaWQiOiIxIiwiX2F1dGhfdXNlcl9iYWNrZW5kIjoiZGphbmdvLmNvbnRyaWIuYXV0aC5iYWNrZW5kcy5Nb2RlbEJhY2tlbmQiLCJfYXV0aF91c2VyX2hhc2giOiJiZGI0YjUzOGQ1MTViZDI4OGUwNWEyODU3YTljYmJlODk5OTA5Mjk3In0=", "expire_date": "2020-04-01T13:21:20.595Z"}}, {"model": "sessions.session", "pk": "9i1v2x86bbyqpmrf0dfaf6xzk8k607yr", "fields": {"session_data": "NjVkZWQzMzNmYjcwMzllMjA5ODI4ZGI4NzFhZmYwMGFiZDMzNzhmMjp7Il9hdXRoX3VzZXJfaWQiOiIzNiIsIl9hdXRoX3VzZXJfYmFja2VuZCI6ImRqYW5nby5jb250cmliLmF1dGguYmFja2VuZHMuTW9kZWxCYWNrZW5kIiwiX2F1dGhfdXNlcl9oYXNoIjoiYTUyYTI0ZWE2Y2E4MjJiZjBlMGNiMzk0NWYxMTZkN2JiM2QxYWQ5ZSJ9", "expire_date": "2020-03-05T17:44:51.088Z"}}, {"model": "sessions.session", "pk": "a9wjscu04dftcjjjbomvu4m3eavib31r", "fields": {"session_data": "ZmFiNTBlN2JkNzcxMWQ5NmZhNWMyMGIzN2YyYTJiNmQ3YmExNzMxZTp7Il9hdXRoX3VzZXJfaWQiOiIzNSIsIl9hdXRoX3VzZXJfYmFja2VuZCI6ImRqYW5nby5jb250cmliLmF1dGguYmFja2VuZHMuTW9kZWxCYWNrZW5kIiwiX2F1dGhfdXNlcl9oYXNoIjoiNzkzZDQ0ZGIwNjRkMDg4N2EzMDY2MTEzMjhmOWY2ZGQyMTM3MTdjMyJ9", "expire_date": "2020-02-22T12:03:09.010Z"}}, {"model": "sessions.session", "pk": "acwvh3nlwpygwpq4q68s7dj9doiq9pcx", "fields": {"session_data": "OWVkZGI2MjhlYzQzMDQ1NDIyYjBiMGIxYTcwOTNlNjFmNmM1YzNmODp7Il9hdXRoX3VzZXJfaWQiOiI1MiIsIl9hdXRoX3VzZXJfYmFja2VuZCI6ImRqYW5nby5jb250cmliLmF1dGguYmFja2VuZHMuTW9kZWxCYWNrZW5kIiwiX2F1dGhfdXNlcl9oYXNoIjoiZjg2MTQxMmEwMzgzODAzYmU1ZmM4ZmI4ZmVhYTg4OTg4N2QwMTg1YiJ9", "expire_date": "2020-04-05T22:11:36.978Z"}}, {"model": "sessions.session", "pk": "b5folznxorf7tmwn01sy850cdwpgdosl", "fields": {"session_data": "OTliNmUwNjQ1YjljMzJkZDIwZmE4MWMyZTUxYTc3MmQ1NWRmMDZiZTp7Il9hdXRoX3VzZXJfaWQiOiIxIiwiX2F1dGhfdXNlcl9iYWNrZW5kIjoiZGphbmdvLmNvbnRyaWIuYXV0aC5iYWNrZW5kcy5Nb2RlbEJhY2tlbmQiLCJfYXV0aF91c2VyX2hhc2giOiJiZGI0YjUzOGQ1MTViZDI4OGUwNWEyODU3YTljYmJlODk5OTA5Mjk3In0=", "expire_date": "2020-04-15T10:50:34.938Z"}}, {"model": "sessions.session", "pk": "bfz7xe64u0z1whfk1afi8oxl9rpawuko", "fields": {"session_data": "NDVmNjZhOGQwODIwY2VmZWRjODdjY2I5ZmE0ZjE5ZWM4Njg5NjI5Mjp7Il9hdXRoX3VzZXJfaWQiOiI1OCIsIl9hdXRoX3VzZXJfYmFja2VuZCI6ImRqYW5nby5jb250cmliLmF1dGguYmFja2VuZHMuTW9kZWxCYWNrZW5kIiwiX2F1dGhfdXNlcl9oYXNoIjoiZDY3M2Y4YTRkZjg2MjczMjBkOTIyNzE0NGY4NTdlMjE4MTViMjQxOCJ9", "expire_date": "2020-04-21T08:46:17.169Z"}}, {"model": "sessions.session", "pk": "buphhlgbishw0ioahjws6c1es32z06h0", "fields": {"session_data": "ZTI5Zjk2YzIxNTcyNGRmY2NkNTA2NmY1ZjAyZGQ5ZGRjYmU0MTRiZDp7Il9hdXRoX3VzZXJfaWQiOiIzMCIsIl9hdXRoX3VzZXJfYmFja2VuZCI6ImRqYW5nby5jb250cmliLmF1dGguYmFja2VuZHMuTW9kZWxCYWNrZW5kIiwiX2F1dGhfdXNlcl9oYXNoIjoiMDJkOTQxZWRlYjY2YjYwNWRjMjIyNzViZDllZWU0NWJmYTQ3MDViNCJ9", "expire_date": "2020-02-03T19:25:20.451Z"}}, {"model": "sessions.session", "pk": "cf7mbp2863nkly18578w0li2vwt34zps", "fields": {"session_data": "YmY1Njk0OTVmZWU4MWRmMzQ0ZmZlMjBlZTkxZmQ3YjFmZDc2ZGYxODp7Il9hdXRoX3VzZXJfaWQiOiIxMDIiLCJfYXV0aF91c2VyX2JhY2tlbmQiOiJkamFuZ28uY29udHJpYi5hdXRoLmJhY2tlbmRzLk1vZGVsQmFja2VuZCIsIl9hdXRoX3VzZXJfaGFzaCI6ImU1ZjcxZTk3YzE4ZmQzNmM3ZDRhMTc3N2MxNThhNmFhOWEwMjM1ZGQifQ==", "expire_date": "2020-05-05T16:19:15.041Z"}}, {"model": "sessions.session", "pk": "cozxljjaks2jcrr3mebu0dt7ziwsn6qh", "fields": {"session_data": "OWVkZGI2MjhlYzQzMDQ1NDIyYjBiMGIxYTcwOTNlNjFmNmM1YzNmODp7Il9hdXRoX3VzZXJfaWQiOiI1MiIsIl9hdXRoX3VzZXJfYmFja2VuZCI6ImRqYW5nby5jb250cmliLmF1dGguYmFja2VuZHMuTW9kZWxCYWNrZW5kIiwiX2F1dGhfdXNlcl9oYXNoIjoiZjg2MTQxMmEwMzgzODAzYmU1ZmM4ZmI4ZmVhYTg4OTg4N2QwMTg1YiJ9", "expire_date": "2020-04-27T01:00:38.075Z"}}, {"model": "sessions.session", "pk": "d25yvsuysqh5n9fk058x69gillgkm5p6", "fields": {"session_data": "OTliNmUwNjQ1YjljMzJkZDIwZmE4MWMyZTUxYTc3MmQ1NWRmMDZiZTp7Il9hdXRoX3VzZXJfaWQiOiIxIiwiX2F1dGhfdXNlcl9iYWNrZW5kIjoiZGphbmdvLmNvbnRyaWIuYXV0aC5iYWNrZW5kcy5Nb2RlbEJhY2tlbmQiLCJfYXV0aF91c2VyX2hhc2giOiJiZGI0YjUzOGQ1MTViZDI4OGUwNWEyODU3YTljYmJlODk5OTA5Mjk3In0=", "expire_date": "2020-04-14T22:50:37.319Z"}}, {"model": "sessions.session", "pk": "d67iysbz7fb2ur3lnhn0jfhyaul4u7ra", "fields": {"session_data": "MmEwNTFkMzE5NTdiNjczY2I1NjNlZWYzNDk5YjZjZWUwYmE1NGQ2NDp7Il9hdXRoX3VzZXJfaWQiOiI4MyIsIl9hdXRoX3VzZXJfYmFja2VuZCI6ImRqYW5nby5jb250cmliLmF1dGguYmFja2VuZHMuTW9kZWxCYWNrZW5kIiwiX2F1dGhfdXNlcl9oYXNoIjoiZjk3YmRmOTkyYjVkNTNjOTIzNjU4ZjdhOTA5ZDk2YzU2MGZlZDQ2YyJ9", "expire_date": "2020-05-04T20:35:10.875Z"}}, {"model": "sessions.session", "pk": "d6jrl6v3srlz161bz7w5zjporxh4de5m", "fields": {"session_data": "OTJkZDI3NWRiYzM4OWMzODQzODY0NmRjNTY2MGE1YjZmOGQxZGEzZjp7Il9hdXRoX3VzZXJfaWQiOiIyOSIsIl9hdXRoX3VzZXJfYmFja2VuZCI6ImRqYW5nby5jb250cmliLmF1dGguYmFja2VuZHMuTW9kZWxCYWNrZW5kIiwiX2F1dGhfdXNlcl9oYXNoIjoiZTEwZjhjYThkZGIzOWI3MzljNzVmZWFlODhjNTg5YzBlYWZlOTZhNCJ9", "expire_date": "2020-01-27T00:57:27.744Z"}}, {"model": "sessions.session", "pk": "deitcpne9xsl0afdgsa9e364py8eqlm0", "fields": {"session_data": "MWZiMmZjYzM1N2NkZjIwNjA2Yzg0NmViZWEzMTllMDNjOTU0MTdlMzp7Il9hdXRoX3VzZXJfaWQiOiIzOCIsIl9hdXRoX3VzZXJfYmFja2VuZCI6ImRqYW5nby5jb250cmliLmF1dGguYmFja2VuZHMuTW9kZWxCYWNrZW5kIiwiX2F1dGhfdXNlcl9oYXNoIjoiOWM2ZjVjOTgyNjBhMWZiMTdlOGZlMDAwYzc2Y2I1NzliZWM5MGI3NiJ9", "expire_date": "2020-03-08T11:04:41.217Z"}}, {"model": "sessions.session", "pk": "dqf2alqwv03qhcevkkyltb5qrqf6nokq", "fields": {"session_data": "YjhlZjhjOTQ5YjVhZTY5YjVkNzI0ODBiMDZkNmM1ZmY4NmVmMjU3MTp7Il9hdXRoX3VzZXJfaWQiOiIxNyIsIl9hdXRoX3VzZXJfYmFja2VuZCI6ImRqYW5nby5jb250cmliLmF1dGguYmFja2VuZHMuTW9kZWxCYWNrZW5kIiwiX2F1dGhfdXNlcl9oYXNoIjoiOWI0ZjhlNjE5OTM0MWY3N2NlMzQwOTNlNjBmNThjMmE5YzczNTYxNCJ9", "expire_date": "2019-11-17T03:08:31.362Z"}}, {"model": "sessions.session", "pk": "drbu62bekzob750kshe500mb3bh8bf9s", "fields": {"session_data": "ODc5YzAxZTA3NDA3NDRkNzBkNDljYjhiNTQ0MmVlNWQyOGE4YzNmYTp7Il9hdXRoX3VzZXJfaWQiOiI1NSIsIl9hdXRoX3VzZXJfYmFja2VuZCI6ImRqYW5nby5jb250cmliLmF1dGguYmFja2VuZHMuTW9kZWxCYWNrZW5kIiwiX2F1dGhfdXNlcl9oYXNoIjoiNzYxNDVmOGFlNTk3ZjMyZGU5NWJiNTYyMDdmMWM2MTMxMDBmMGJmMSJ9", "expire_date": "2020-04-26T21:04:28.911Z"}}, {"model": "sessions.session", "pk": "ey6bbro674god8b5b7g3rgq6li0n5n6n", "fields": {"session_data": "YzY0MWM1MjM2MGY4MWI5NjZlMTdiNjUzMzZlZWQ5YTEwOTU4YmFjMTp7Il9hdXRoX3VzZXJfaWQiOiI3NyIsIl9hdXRoX3VzZXJfYmFja2VuZCI6ImRqYW5nby5jb250cmliLmF1dGguYmFja2VuZHMuTW9kZWxCYWNrZW5kIiwiX2F1dGhfdXNlcl9oYXNoIjoiZDFlYjVkMTJiMzA1MDIxMmUxNDJmODNkN2MyODdmNmU0ZDFlNzEyMiJ9", "expire_date": "2020-04-30T00:55:31.980Z"}}, {"model": "sessions.session", "pk": "f9gf2po2qjgxxij9p1m5b4ggsptjyqvr", "fields": {"session_data": "OTliNmUwNjQ1YjljMzJkZDIwZmE4MWMyZTUxYTc3MmQ1NWRmMDZiZTp7Il9hdXRoX3VzZXJfaWQiOiIxIiwiX2F1dGhfdXNlcl9iYWNrZW5kIjoiZGphbmdvLmNvbnRyaWIuYXV0aC5iYWNrZW5kcy5Nb2RlbEJhY2tlbmQiLCJfYXV0aF91c2VyX2hhc2giOiJiZGI0YjUzOGQ1MTViZDI4OGUwNWEyODU3YTljYmJlODk5OTA5Mjk3In0=", "expire_date": "2020-02-03T19:34:12.273Z"}}, {"model": "sessions.session", "pk": "ffmrq91tlpcuajokg4fbfuzfzya9fx2u", "fields": {"session_data": "ZjNjODQ4YWRhMjI2MTU2ODgzZDZhM2ZlNjY4MmFlZjYxMjViNTFiODp7Il9hdXRoX3VzZXJfaWQiOiIyNSIsIl9hdXRoX3VzZXJfYmFja2VuZCI6ImRqYW5nby5jb250cmliLmF1dGguYmFja2VuZHMuTW9kZWxCYWNrZW5kIiwiX2F1dGhfdXNlcl9oYXNoIjoiZmJjMzM1ZjdhNDViMDk2ZWJmMzZmZGI2ZTBmZGFmNzZjZTAwN2M1MiJ9", "expire_date": "2019-12-08T13:58:07.120Z"}}, {"model": "sessions.session", "pk": "fh5pc04shnbjiwwydti3zpv7knf9b3oy", "fields": {"session_data": "MjkyOGFmNTk1YzZmYWY0YTYzYzdlYzk1Y2M1ZDdjNDY5YWU2YzY2Mzp7fQ==", "expire_date": "2020-03-14T13:06:55.897Z"}}, {"model": "sessions.session", "pk": "fhpq7h246c20q4nlu517am8mhg050mv0", "fields": {"session_data": "NjliZTU5NzY3N2UzMmZjOTg2ZDgxZGJjMDFhYWU0OWMzZmNlZDEwZjp7Il9wYXNzd29yZF9yZXNldF90b2tlbiI6IjVkNi04NWU0Mzk4MTc1ZjcwYjJmYTBhNiJ9", "expire_date": "2020-01-30T23:03:33.710Z"}}, {"model": "sessions.session", "pk": "fjx4v0zueh843ujhcfkz6guols31p21j", "fields": {"session_data": "ZTYyOThkOGIwMmRkOTQ3OTFlYzhkMjU2NTgzMTBhNzI5ZGE5NzZhZTp7Il9hdXRoX3VzZXJfaWQiOiI3NiIsIl9hdXRoX3VzZXJfYmFja2VuZCI6ImRqYW5nby5jb250cmliLmF1dGguYmFja2VuZHMuTW9kZWxCYWNrZW5kIiwiX2F1dGhfdXNlcl9oYXNoIjoiNGFjMDBlZDE3NmEwNzY3NzM1MWMwYjdlNmM1NzRmYTg0NTkwODU5NCJ9", "expire_date": "2020-04-30T00:11:59.318Z"}}, {"model": "sessions.session", "pk": "fo44rfh9qe4esu00nkqfogmusof8npzi", "fields": {"session_data": "YzM5Yjc1ZDY1NTMzYTdiZGJiMTA2ZGExNzFmMGViYjgzZjc3N2E2YTp7Il9hdXRoX3VzZXJfaWQiOiI3MCIsIl9hdXRoX3VzZXJfYmFja2VuZCI6ImRqYW5nby5jb250cmliLmF1dGguYmFja2VuZHMuTW9kZWxCYWNrZW5kIiwiX2F1dGhfdXNlcl9oYXNoIjoiMTVlOGRiZGE5NWQzYWFiNzBmODg3ODA4ZTA3N2YyN2I0MWNhM2M4MSJ9", "expire_date": "2020-04-27T04:12:18.784Z"}}, {"model": "sessions.session", "pk": "fvgdq2rieopqjpuci7nfsh9zy0e32bjd", "fields": {"session_data": "NmU0NzhmYWE1MjUwOWUwNjA4Zjk1OThmOTVlOGQxYzk0ZDNiYmU5ZTp7Il9hdXRoX3VzZXJfaWQiOiI1MSIsIl9hdXRoX3VzZXJfYmFja2VuZCI6ImRqYW5nby5jb250cmliLmF1dGguYmFja2VuZHMuTW9kZWxCYWNrZW5kIiwiX2F1dGhfdXNlcl9oYXNoIjoiMGY2YWYwNmJhNmNiM2Q0NmY3MmM0MmY4MTEzY2NiZDYzODIwMGMxNyJ9", "expire_date": "2020-03-30T15:15:21.423Z"}}, {"model": "sessions.session", "pk": "g2otcn3a2azmjw8t34bkpt069f9dt979", "fields": {"session_data": "ODc5YzAxZTA3NDA3NDRkNzBkNDljYjhiNTQ0MmVlNWQyOGE4YzNmYTp7Il9hdXRoX3VzZXJfaWQiOiI1NSIsIl9hdXRoX3VzZXJfYmFja2VuZCI6ImRqYW5nby5jb250cmliLmF1dGguYmFja2VuZHMuTW9kZWxCYWNrZW5kIiwiX2F1dGhfdXNlcl9oYXNoIjoiNzYxNDVmOGFlNTk3ZjMyZGU5NWJiNTYyMDdmMWM2MTMxMDBmMGJmMSJ9", "expire_date": "2020-04-28T19:07:40.035Z"}}, {"model": "sessions.session", "pk": "gb2xyvr3lfluvjuswre5tg9ew24fovbc", "fields": {"session_data": "NzEyMzNjMDY2ZDAwZjFiZDE5OTgxYTgwNTdjMjRkMThhYzg3OTg2YTp7Il9hdXRoX3VzZXJfaWQiOiIxOCIsIl9hdXRoX3VzZXJfYmFja2VuZCI6ImRqYW5nby5jb250cmliLmF1dGguYmFja2VuZHMuTW9kZWxCYWNrZW5kIiwiX2F1dGhfdXNlcl9oYXNoIjoiMWVkM2YwZDgzOWJhNmI0NGU4MTY3MDlmMjg4NzFlZjc2YzE4ODllYyJ9", "expire_date": "2019-11-26T00:47:06.537Z"}}, {"model": "sessions.session", "pk": "hbip60i8ni0zdyetdr15day2anigw93z", "fields": {"session_data": "MjkyOGFmNTk1YzZmYWY0YTYzYzdlYzk1Y2M1ZDdjNDY5YWU2YzY2Mzp7fQ==", "expire_date": "2020-02-21T17:01:27.459Z"}}, {"model": "sessions.session", "pk": "hbr7w2e2ywr6dom2ug8h037ytiw2sxpv", "fields": {"session_data": "NzEyMzNjMDY2ZDAwZjFiZDE5OTgxYTgwNTdjMjRkMThhYzg3OTg2YTp7Il9hdXRoX3VzZXJfaWQiOiIxOCIsIl9hdXRoX3VzZXJfYmFja2VuZCI6ImRqYW5nby5jb250cmliLmF1dGguYmFja2VuZHMuTW9kZWxCYWNrZW5kIiwiX2F1dGhfdXNlcl9oYXNoIjoiMWVkM2YwZDgzOWJhNmI0NGU4MTY3MDlmMjg4NzFlZjc2YzE4ODllYyJ9", "expire_date": "2019-12-03T14:49:05.984Z"}}, {"model": "sessions.session", "pk": "hcl8ohqgoqw2iyxyomx2tu2nnwozopfr", "fields": {"session_data": "NmU0NzhmYWE1MjUwOWUwNjA4Zjk1OThmOTVlOGQxYzk0ZDNiYmU5ZTp7Il9hdXRoX3VzZXJfaWQiOiI1MSIsIl9hdXRoX3VzZXJfYmFja2VuZCI6ImRqYW5nby5jb250cmliLmF1dGguYmFja2VuZHMuTW9kZWxCYWNrZW5kIiwiX2F1dGhfdXNlcl9oYXNoIjoiMGY2YWYwNmJhNmNiM2Q0NmY3MmM0MmY4MTEzY2NiZDYzODIwMGMxNyJ9", "expire_date": "2020-04-01T10:26:22.370Z"}}, {"model": "sessions.session", "pk": "i0h25f34jy9wa6tnhfgehvc1k78znhg0", "fields": {"session_data": "MmY2ZmJmNjhlODAyYTBiOTdkZTAwZTlkMmUzMTExMDhkOWY1ZDI2Mjp7Il9hdXRoX3VzZXJfaWQiOiI1NyIsIl9hdXRoX3VzZXJfYmFja2VuZCI6ImRqYW5nby5jb250cmliLmF1dGguYmFja2VuZHMuTW9kZWxCYWNrZW5kIiwiX2F1dGhfdXNlcl9oYXNoIjoiNjFjNTZmNDk4NzBmM2MzNzIzNDRlMWM5NWE4NGQ1ODdiOGUxOTBiZCJ9", "expire_date": "2020-04-21T00:20:50.895Z"}}, {"model": "sessions.session", "pk": "i2d8uby9qvoa6ihdkcxq02bupl7ejwda", "fields": {"session_data": "NzEyMzNjMDY2ZDAwZjFiZDE5OTgxYTgwNTdjMjRkMThhYzg3OTg2YTp7Il9hdXRoX3VzZXJfaWQiOiIxOCIsIl9hdXRoX3VzZXJfYmFja2VuZCI6ImRqYW5nby5jb250cmliLmF1dGguYmFja2VuZHMuTW9kZWxCYWNrZW5kIiwiX2F1dGhfdXNlcl9oYXNoIjoiMWVkM2YwZDgzOWJhNmI0NGU4MTY3MDlmMjg4NzFlZjc2YzE4ODllYyJ9", "expire_date": "2019-11-26T01:19:06.160Z"}}, {"model": "sessions.session", "pk": "idfp7uytplf2a3c5gtxkxh0byqpibdb1", "fields": {"session_data": "YTFmMzA0NjRhYWEwNTg4YTA0NGMxYmUxMTUyNTQzOTg5NjUyMzVlNzp7Il9hdXRoX3VzZXJfaWQiOiI3NCIsIl9hdXRoX3VzZXJfYmFja2VuZCI6ImRqYW5nby5jb250cmliLmF1dGguYmFja2VuZHMuTW9kZWxCYWNrZW5kIiwiX2F1dGhfdXNlcl9oYXNoIjoiYWQxMTg3ZDJiNzQwMzkxYzQwNzljZWY2Y2U0ZGNiMzQ5YjJlNjdkOCJ9", "expire_date": "2020-04-28T04:47:49.529Z"}}, {"model": "sessions.session", "pk": "isnlws1qzk36wp0yqoysil78ufjsfegw", "fields": {"session_data": "ODc5YzAxZTA3NDA3NDRkNzBkNDljYjhiNTQ0MmVlNWQyOGE4YzNmYTp7Il9hdXRoX3VzZXJfaWQiOiI1NSIsIl9hdXRoX3VzZXJfYmFja2VuZCI6ImRqYW5nby5jb250cmliLmF1dGguYmFja2VuZHMuTW9kZWxCYWNrZW5kIiwiX2F1dGhfdXNlcl9oYXNoIjoiNzYxNDVmOGFlNTk3ZjMyZGU5NWJiNTYyMDdmMWM2MTMxMDBmMGJmMSJ9", "expire_date": "2020-04-30T17:18:34.567Z"}}, {"model": "sessions.session", "pk": "j2vgnz5u0owq8owoierkjhj4l4seoehn", "fields": {"session_data": "OWE5NDY2ZDMwZDZlZjZmMjVkYTFjNjI0ZTJhN2I0MzdkODM4MWM0Yzp7Il9hdXRoX3VzZXJfaWQiOiI3MSIsIl9hdXRoX3VzZXJfYmFja2VuZCI6ImRqYW5nby5jb250cmliLmF1dGguYmFja2VuZHMuTW9kZWxCYWNrZW5kIiwiX2F1dGhfdXNlcl9oYXNoIjoiODBiM2U1YWU3NzUxOTIyNWMxNWIzYmFlN2I0NzY0YTI2YjM1MTZjMiJ9", "expire_date": "2020-04-27T10:08:41.507Z"}}, {"model": "sessions.session", "pk": "j318sir4yxnujqn7gfok64tl2d2th5y3", "fields": {"session_data": "OWVkZGI2MjhlYzQzMDQ1NDIyYjBiMGIxYTcwOTNlNjFmNmM1YzNmODp7Il9hdXRoX3VzZXJfaWQiOiI1MiIsIl9hdXRoX3VzZXJfYmFja2VuZCI6ImRqYW5nby5jb250cmliLmF1dGguYmFja2VuZHMuTW9kZWxCYWNrZW5kIiwiX2F1dGhfdXNlcl9oYXNoIjoiZjg2MTQxMmEwMzgzODAzYmU1ZmM4ZmI4ZmVhYTg4OTg4N2QwMTg1YiJ9", "expire_date": "2020-05-07T11:12:21.302Z"}}, {"model": "sessions.session", "pk": "kjy8sdxpq7kfoazrbqf007v92hvnbcxc", "fields": {"session_data": "ODc5YzAxZTA3NDA3NDRkNzBkNDljYjhiNTQ0MmVlNWQyOGE4YzNmYTp7Il9hdXRoX3VzZXJfaWQiOiI1NSIsIl9hdXRoX3VzZXJfYmFja2VuZCI6ImRqYW5nby5jb250cmliLmF1dGguYmFja2VuZHMuTW9kZWxCYWNrZW5kIiwiX2F1dGhfdXNlcl9oYXNoIjoiNzYxNDVmOGFlNTk3ZjMyZGU5NWJiNTYyMDdmMWM2MTMxMDBmMGJmMSJ9", "expire_date": "2020-04-14T23:52:27.041Z"}}, {"model": "sessions.session", "pk": "lfqoktib9p1n5icolf8jw8wtwpfz6qpy", "fields": {"session_data": "OTBjYWIwNDY0NGY0NjA2MTBjNzA3NGI2NjQ5ZWU2NzU5NjljNDdmZTp7Il9hdXRoX3VzZXJfaWQiOiIyMiIsIl9hdXRoX3VzZXJfYmFja2VuZCI6ImRqYW5nby5jb250cmliLmF1dGguYmFja2VuZHMuTW9kZWxCYWNrZW5kIiwiX2F1dGhfdXNlcl9oYXNoIjoiODQ0OTA0Yzg0OWNlZWZhMjJkZWFkNTMxMzJmNzUxMWZiMDJiZTAxNiJ9", "expire_date": "2019-12-05T18:30:10.052Z"}}, {"model": "sessions.session", "pk": "lhnddvkcjhvmfuz7d5hoqa779f3a1ai5", "fields": {"session_data": "MTg2YTUwZGZjNzUzYmUyMTI5ZDQ4MWVhYTkwMDNhMTJkNWQzMTM2Yzp7Il9hdXRoX3VzZXJfaWQiOiI4MSIsIl9hdXRoX3VzZXJfYmFja2VuZCI6ImRqYW5nby5jb250cmliLmF1dGguYmFja2VuZHMuTW9kZWxCYWNrZW5kIiwiX2F1dGhfdXNlcl9oYXNoIjoiOTQxNTM5MDE2YTgwM2RmNjE1YzBkYjM0MTI2NTg3MTU2ZDZkMDc2OSJ9", "expire_date": "2020-05-04T15:47:28.711Z"}}, {"model": "sessions.session", "pk": "lsn9vtpupvnomoaerdm4tsvkyrh412ms", "fields": {"session_data": "ODc5YzAxZTA3NDA3NDRkNzBkNDljYjhiNTQ0MmVlNWQyOGE4YzNmYTp7Il9hdXRoX3VzZXJfaWQiOiI1NSIsIl9hdXRoX3VzZXJfYmFja2VuZCI6ImRqYW5nby5jb250cmliLmF1dGguYmFja2VuZHMuTW9kZWxCYWNrZW5kIiwiX2F1dGhfdXNlcl9oYXNoIjoiNzYxNDVmOGFlNTk3ZjMyZGU5NWJiNTYyMDdmMWM2MTMxMDBmMGJmMSJ9", "expire_date": "2020-04-14T23:09:07.223Z"}}, {"model": "sessions.session", "pk": "ltvn8b16drwu0sesjyfk9cf7dfhrbrrn", "fields": {"session_data": "MzRjMmZjZDgwZDc5Y2E1NWVlZGZjM2QxMWEyNmRiODYzOWFkZmFjYjp7Il9hdXRoX3VzZXJfaWQiOiI5OSIsIl9hdXRoX3VzZXJfYmFja2VuZCI6ImRqYW5nby5jb250cmliLmF1dGguYmFja2VuZHMuTW9kZWxCYWNrZW5kIiwiX2F1dGhfdXNlcl9oYXNoIjoiNTBlNGYyMTRlMTExYjg3MzhkNjBiYWE2ZDcxMGIzZDRiOGE4MGRlYSJ9", "expire_date": "2020-05-05T12:19:12.395Z"}}, {"model": "sessions.session", "pk": "m5sfnhp7ixnyre3wbgxv60n3njmsyvg8", "fields": {"session_data": "MDE3ODcyMjYwZGU3MGRlNzg2NDZjM2NlYWNmOGNkYjg0ZDc4NGZkNzp7Il9hdXRoX3VzZXJfaWQiOiI3OSIsIl9hdXRoX3VzZXJfYmFja2VuZCI6ImRqYW5nby5jb250cmliLmF1dGguYmFja2VuZHMuTW9kZWxCYWNrZW5kIiwiX2F1dGhfdXNlcl9oYXNoIjoiOWE1NmRiNDI4ZmRhMDhkNGIxMjMxY2I5ZDY2MTQ4NDA2MTQ0ZDg2NyJ9", "expire_date": "2020-05-02T08:37:51.253Z"}}, {"model": "sessions.session", "pk": "m8j6bt63otwz4idhbaozu4vqhvmx9chc", "fields": {"session_data": "YTlkMDNkMzY4ODNlOWVmNjZiOGNmZWZmNjU0ZGI5ZGY0MzNhYTIyZTp7Il9hdXRoX3VzZXJfaWQiOiIxIiwiX2F1dGhfdXNlcl9iYWNrZW5kIjoiZGphbmdvLmNvbnRyaWIuYXV0aC5iYWNrZW5kcy5Nb2RlbEJhY2tlbmQiLCJfYXV0aF91c2VyX2hhc2giOiJlZGY4ZmFiZjM5Mzc5MmExMDY0MzBhODg3MTEzMGMxODI3NWQ3ZDNjIn0=", "expire_date": "2019-11-02T15:40:19.790Z"}}, {"model": "sessions.session", "pk": "ma1dv26t906k0pbu1q4p3mlh6om7mszu", "fields": {"session_data": "NWVlN2VkYmMzOTBlY2ZiMmI1YzhkYTZmMzZmMDhjM2MwMTdmMzA1YTp7Il9hdXRoX3VzZXJfaWQiOiIxMDYiLCJfYXV0aF91c2VyX2JhY2tlbmQiOiJkamFuZ28uY29udHJpYi5hdXRoLmJhY2tlbmRzLk1vZGVsQmFja2VuZCIsIl9hdXRoX3VzZXJfaGFzaCI6ImViZGE4MjE2ODNlNjAwOTkwZmVjNjk4NmJjNzg2YTJhYmNiZDViYmUifQ==", "expire_date": "2020-05-07T18:14:24.903Z"}}, {"model": "sessions.session", "pk": "mlcc0wztop5gb5zd5kketax3bqn0iuof", "fields": {"session_data": "NjQ2ZjNhOWQ0Mjg0ZTcyNDkyYWJiZjMxMzkwYzcwMDZkYmU4ZjcxNDp7Il9hdXRoX3VzZXJfaWQiOiIxMDQiLCJfYXV0aF91c2VyX2JhY2tlbmQiOiJkamFuZ28uY29udHJpYi5hdXRoLmJhY2tlbmRzLk1vZGVsQmFja2VuZCIsIl9hdXRoX3VzZXJfaGFzaCI6IjM1ODUzMjdlZTA2NGFhZjRiMDY5ZGQ1ZTBkNDIyYTA1NmFlMmQ0MTIifQ==", "expire_date": "2020-05-06T01:09:46.540Z"}}, {"model": "sessions.session", "pk": "mm7mq9zqnmj09n22x6ysy4ak6bnrzxv1", "fields": {"session_data": "ODc5YzAxZTA3NDA3NDRkNzBkNDljYjhiNTQ0MmVlNWQyOGE4YzNmYTp7Il9hdXRoX3VzZXJfaWQiOiI1NSIsIl9hdXRoX3VzZXJfYmFja2VuZCI6ImRqYW5nby5jb250cmliLmF1dGguYmFja2VuZHMuTW9kZWxCYWNrZW5kIiwiX2F1dGhfdXNlcl9oYXNoIjoiNzYxNDVmOGFlNTk3ZjMyZGU5NWJiNTYyMDdmMWM2MTMxMDBmMGJmMSJ9", "expire_date": "2020-04-14T23:41:52.301Z"}}, {"model": "sessions.session", "pk": "mw1mxkc1pv7ulg1u5yt8qn198s0cbh3n", "fields": {"session_data": "OTliNmUwNjQ1YjljMzJkZDIwZmE4MWMyZTUxYTc3MmQ1NWRmMDZiZTp7Il9hdXRoX3VzZXJfaWQiOiIxIiwiX2F1dGhfdXNlcl9iYWNrZW5kIjoiZGphbmdvLmNvbnRyaWIuYXV0aC5iYWNrZW5kcy5Nb2RlbEJhY2tlbmQiLCJfYXV0aF91c2VyX2hhc2giOiJiZGI0YjUzOGQ1MTViZDI4OGUwNWEyODU3YTljYmJlODk5OTA5Mjk3In0=", "expire_date": "2020-05-04T14:43:30.344Z"}}, {"model": "sessions.session", "pk": "my8ko0n1wvelwrurtd32gnu05d6x4vee", "fields": {"session_data": "ZDY5ZGMzZjRkNjQwOGY2MGUyZDFkOTU1MzU0NjMxNTZmN2U5ZjBiODp7Il9hdXRoX3VzZXJfaWQiOiI1MyIsIl9hdXRoX3VzZXJfYmFja2VuZCI6ImRqYW5nby5jb250cmliLmF1dGguYmFja2VuZHMuTW9kZWxCYWNrZW5kIiwiX2F1dGhfdXNlcl9oYXNoIjoiZTY1NTA0ZDFjZmVhYWNmNzFhOGU0NWYwZDcwMTViYWExYTg2ZTdlZiJ9", "expire_date": "2020-04-08T01:04:11.698Z"}}, {"model": "sessions.session", "pk": "mz3coci8yyqaz3qzggc9gd4wmsda3dpl", "fields": {"session_data": "ZjkyY2MzNzNhYzA4ZWQ1MzhkODE4OGRjYmYxMWJmMDMwNzg1ZTFhMzp7Il9hdXRoX3VzZXJfaWQiOiIzOSIsIl9hdXRoX3VzZXJfYmFja2VuZCI6ImRqYW5nby5jb250cmliLmF1dGguYmFja2VuZHMuTW9kZWxCYWNrZW5kIiwiX2F1dGhfdXNlcl9oYXNoIjoiYWNiZjI4YWU0MGNjN2E5MjExYjY5ZGFkNjgyYzU3NTM2MmFjOGM1NSJ9", "expire_date": "2020-03-08T16:18:22.204Z"}}, {"model": "sessions.session", "pk": "neh7t2qqgguo1t8k6943rzi2pxrc2ubi", "fields": {"session_data": "NTM2NDJmN2IzYjgwMTliMDhjNGE5YzBjOTRhMGUwMTlmY2YzNGE4OTp7Il9hdXRoX3VzZXJfaWQiOiI4NSIsIl9hdXRoX3VzZXJfYmFja2VuZCI6ImRqYW5nby5jb250cmliLmF1dGguYmFja2VuZHMuTW9kZWxCYWNrZW5kIiwiX2F1dGhfdXNlcl9oYXNoIjoiYTkwNjg1NDk4MzYzYzcxMjA0ZDU4ZjYyMmUyZDBjMDQ3MzRmNzE5YiJ9", "expire_date": "2020-05-04T21:07:28.711Z"}}, {"model": "sessions.session", "pk": "np5y56poiwpf9zrltidtt0wlnd2tct8h", "fields": {"session_data": "MjkyOGFmNTk1YzZmYWY0YTYzYzdlYzk1Y2M1ZDdjNDY5YWU2YzY2Mzp7fQ==", "expire_date": "2019-12-06T07:58:24.791Z"}}, {"model": "sessions.session", "pk": "nr8clablj6k7ki80d27hy2mguiodp5az", "fields": {"session_data": "YjE2MDdjNWZmYjNjYTUwZThjOWVhOTM0YmNjNTE1NjMwNzdmMjQzYzp7Il9hdXRoX3VzZXJfaWQiOiI5OCIsIl9hdXRoX3VzZXJfYmFja2VuZCI6ImRqYW5nby5jb250cmliLmF1dGguYmFja2VuZHMuTW9kZWxCYWNrZW5kIiwiX2F1dGhfdXNlcl9oYXNoIjoiMWFjNDM0ZjNiNDMzOTAxMzI2ZGY0NWZkYmFhZDBmYzAxNTk2YWUyYiJ9", "expire_date": "2020-05-05T12:02:21.215Z"}}, {"model": "sessions.session", "pk": "o09b4furxmot3nyfhqcezjgov4yj2kqm", "fields": {"session_data": "NGRlYTUzNjE0N2VjNjk4MDFlNWJiOTdlZWViZTg2ZTQzNDk0MTgxODp7Il9hdXRoX3VzZXJfaWQiOiIxMDAiLCJfYXV0aF91c2VyX2JhY2tlbmQiOiJkamFuZ28uY29udHJpYi5hdXRoLmJhY2tlbmRzLk1vZGVsQmFja2VuZCIsIl9hdXRoX3VzZXJfaGFzaCI6Ijk4MmZmMDcwZGE4NzIzYTM5YzdiNWZiZjczZTBmNTU1ZWViOWVmMGUifQ==", "expire_date": "2020-05-05T15:33:05.382Z"}}, {"model": "sessions.session", "pk": "ovpt3klstr4w4gxzj0frh9zyac5t4usp", "fields": {"session_data": "MTViOTFiODRiZWM5OTc3N2IwMzk2YzMzNmZjYjYwNDQ0ZDRiMzIyMzp7Il9hdXRoX3VzZXJfaWQiOiI4MiIsIl9hdXRoX3VzZXJfYmFja2VuZCI6ImRqYW5nby5jb250cmliLmF1dGguYmFja2VuZHMuTW9kZWxCYWNrZW5kIiwiX2F1dGhfdXNlcl9oYXNoIjoiYmQwNzFjMTUxMWZlNWY4NTMzOGQ4MzE2NTZlNWI0N2MyYjE0NDViMSJ9", "expire_date": "2020-05-04T18:55:08.167Z"}}, {"model": "sessions.session", "pk": "piiya0ehjohx72lgwmxkiwhu28b6murx", "fields": {"session_data": "ZmFkZGExZTU0ZTlkMTQ2NTRlMzcyZGZmMGYxMjIyNzI0Y2U5MGE4NDp7Il9hdXRoX3VzZXJfaWQiOiI5NiIsIl9hdXRoX3VzZXJfYmFja2VuZCI6ImRqYW5nby5jb250cmliLmF1dGguYmFja2VuZHMuTW9kZWxCYWNrZW5kIiwiX2F1dGhfdXNlcl9oYXNoIjoiNTk4ZDg3ZDA0Njc2NjZiOTRlMjM0NjFhMjI2NjBlNGMzZGQ2M2MzMyJ9", "expire_date": "2020-05-05T06:51:00.092Z"}}, {"model": "sessions.session", "pk": "plnymt3omgtyzwkz9t884id0zxaeaud2", "fields": {"session_data": "MjkyOGFmNTk1YzZmYWY0YTYzYzdlYzk1Y2M1ZDdjNDY5YWU2YzY2Mzp7fQ==", "expire_date": "2020-03-14T13:06:50.646Z"}}, {"model": "sessions.session", "pk": "pn69s0bfiyrrtu0ncy9iwck22m7egkic", "fields": {"session_data": "OTliNmUwNjQ1YjljMzJkZDIwZmE4MWMyZTUxYTc3MmQ1NWRmMDZiZTp7Il9hdXRoX3VzZXJfaWQiOiIxIiwiX2F1dGhfdXNlcl9iYWNrZW5kIjoiZGphbmdvLmNvbnRyaWIuYXV0aC5iYWNrZW5kcy5Nb2RlbEJhY2tlbmQiLCJfYXV0aF91c2VyX2hhc2giOiJiZGI0YjUzOGQ1MTViZDI4OGUwNWEyODU3YTljYmJlODk5OTA5Mjk3In0=", "expire_date": "2020-01-18T17:36:23.738Z"}}, {"model": "sessions.session", "pk": "pnmmap3o4pysvv1dxu5ta4n7n4l7v97e", "fields": {"session_data": "OWUyZjUyZGIwN2E0NmU3ODJjODI0ZTA1ZmJhNWIzZTQ5ZjhjZWMzZTp7Il9hdXRoX3VzZXJfaWQiOiI0MiIsIl9hdXRoX3VzZXJfYmFja2VuZCI6ImRqYW5nby5jb250cmliLmF1dGguYmFja2VuZHMuTW9kZWxCYWNrZW5kIiwiX2F1dGhfdXNlcl9oYXNoIjoiYjk2Nzc4OThmNTMxMDhlNTJkZDg5ZGEwNTlhZjQwYjhiNGM3YzIyNCJ9", "expire_date": "2020-03-14T13:55:17.227Z"}}, {"model": "sessions.session", "pk": "pwd6gcu6xvngq1170hqnrx688mbjfbhe", "fields": {"session_data": "OTliNmUwNjQ1YjljMzJkZDIwZmE4MWMyZTUxYTc3MmQ1NWRmMDZiZTp7Il9hdXRoX3VzZXJfaWQiOiIxIiwiX2F1dGhfdXNlcl9iYWNrZW5kIjoiZGphbmdvLmNvbnRyaWIuYXV0aC5iYWNrZW5kcy5Nb2RlbEJhY2tlbmQiLCJfYXV0aF91c2VyX2hhc2giOiJiZGI0YjUzOGQ1MTViZDI4OGUwNWEyODU3YTljYmJlODk5OTA5Mjk3In0=", "expire_date": "2020-04-27T02:27:43.950Z"}}, {"model": "sessions.session", "pk": "q5zwnaj2a5kchxm5jtutm24p7oe9ry5b", "fields": {"session_data": "OTliNmUwNjQ1YjljMzJkZDIwZmE4MWMyZTUxYTc3MmQ1NWRmMDZiZTp7Il9hdXRoX3VzZXJfaWQiOiIxIiwiX2F1dGhfdXNlcl9iYWNrZW5kIjoiZGphbmdvLmNvbnRyaWIuYXV0aC5iYWNrZW5kcy5Nb2RlbEJhY2tlbmQiLCJfYXV0aF91c2VyX2hhc2giOiJiZGI0YjUzOGQ1MTViZDI4OGUwNWEyODU3YTljYmJlODk5OTA5Mjk3In0=", "expire_date": "2020-01-18T09:19:35.158Z"}}, {"model": "sessions.session", "pk": "rk69a9wo8f2fgzy0dec4ehzkatlt49cy", "fields": {"session_data": "YTNkYjA4N2Q2ODhjNjMyMGU3OWI2YjcwM2E1ZGRjYmYzNWMyZGJhMTp7Il9hdXRoX3VzZXJfaWQiOiI0NSIsIl9hdXRoX3VzZXJfYmFja2VuZCI6ImRqYW5nby5jb250cmliLmF1dGguYmFja2VuZHMuTW9kZWxCYWNrZW5kIiwiX2F1dGhfdXNlcl9oYXNoIjoiZjQ0YzgxNGJlODIwZGZiY2IzYTJjYzZjNzU4NTU0MTIzNjlhMTVmOCJ9", "expire_date": "2020-03-19T20:43:04.273Z"}}, {"model": "sessions.session", "pk": "rrkh7il5zmojunel8mr356cjs5585szu", "fields": {"session_data": "ZTQzYjYxY2Y5ZWJiNzdmZTQ2ZDk2ZDRjOWRmNDhmODQ2ZmY0NTRlNjp7Il9hdXRoX3VzZXJfaWQiOiI2OCIsIl9hdXRoX3VzZXJfYmFja2VuZCI6ImRqYW5nby5jb250cmliLmF1dGguYmFja2VuZHMuTW9kZWxCYWNrZW5kIiwiX2F1dGhfdXNlcl9oYXNoIjoiZTZjMTAxMDQ4NTQ0MGQ5NzdmMzFlYzBmYmVmZjAxN2Q3ODU4N2YwZCJ9", "expire_date": "2020-04-26T21:10:34.223Z"}}, {"model": "sessions.session", "pk": "rzh39j10pyfh1yiq0q8v1ch6e9um8pan", "fields": {"session_data": "OTliNmUwNjQ1YjljMzJkZDIwZmE4MWMyZTUxYTc3MmQ1NWRmMDZiZTp7Il9hdXRoX3VzZXJfaWQiOiIxIiwiX2F1dGhfdXNlcl9iYWNrZW5kIjoiZGphbmdvLmNvbnRyaWIuYXV0aC5iYWNrZW5kcy5Nb2RlbEJhY2tlbmQiLCJfYXV0aF91c2VyX2hhc2giOiJiZGI0YjUzOGQ1MTViZDI4OGUwNWEyODU3YTljYmJlODk5OTA5Mjk3In0=", "expire_date": "2020-04-29T12:51:33.039Z"}}, {"model": "sessions.session", "pk": "s8xre0rc9pln5ni0j2jvdzbaf1h004yz", "fields": {"session_data": "OWVkZGI2MjhlYzQzMDQ1NDIyYjBiMGIxYTcwOTNlNjFmNmM1YzNmODp7Il9hdXRoX3VzZXJfaWQiOiI1MiIsIl9hdXRoX3VzZXJfYmFja2VuZCI6ImRqYW5nby5jb250cmliLmF1dGguYmFja2VuZHMuTW9kZWxCYWNrZW5kIiwiX2F1dGhfdXNlcl9oYXNoIjoiZjg2MTQxMmEwMzgzODAzYmU1ZmM4ZmI4ZmVhYTg4OTg4N2QwMTg1YiJ9", "expire_date": "2020-04-19T09:13:00.519Z"}}, {"model": "sessions.session", "pk": "sjs3awo1mwthmixq3huoptoyu6bz6l57", "fields": {"session_data": "MTNkMzU4M2MyMDdhYjUwMjNmMjU2ZmVlMDVkMTVhNzUwNjZjOTg2Nzp7Il9hdXRoX3VzZXJfaWQiOiI1NiIsIl9hdXRoX3VzZXJfYmFja2VuZCI6ImRqYW5nby5jb250cmliLmF1dGguYmFja2VuZHMuTW9kZWxCYWNrZW5kIiwiX2F1dGhfdXNlcl9oYXNoIjoiMTA1ZWVhYjhiMDhmYWJiMDJlOTRlN2I0NmNhMjc3ODdmYzczZTFkOSJ9", "expire_date": "2020-04-15T20:55:47.811Z"}}, {"model": "sessions.session", "pk": "sw94igcz7lv9o1ulttta7ivkw5psoitx", "fields": {"session_data": "ODFlOGQ0MjUyOTA1NDIwZjNkNzBhODk5OWY3MjNhYThlNzNmMmUwNDp7Il9hdXRoX3VzZXJfaWQiOiI1OSIsIl9hdXRoX3VzZXJfYmFja2VuZCI6ImRqYW5nby5jb250cmliLmF1dGguYmFja2VuZHMuTW9kZWxCYWNrZW5kIiwiX2F1dGhfdXNlcl9oYXNoIjoiNmJhOWM0Y2E3MjU5MDRiMTlmZGI0ZTRiNDNiYTQwNzEwNzZlNmQ5NyJ9", "expire_date": "2020-04-21T19:44:36.801Z"}}, {"model": "sessions.session", "pk": "tcbhn3pz3r0lqz63h4dt55zwwc92yn17", "fields": {"session_data": "OWVkZmVmNTczOGU2YTNkMjFkZWQ2YzlmNjI4ZmE4NDcyMzBlOWNiNTp7Il9hdXRoX3VzZXJfaWQiOiIyOCIsIl9hdXRoX3VzZXJfYmFja2VuZCI6ImRqYW5nby5jb250cmliLmF1dGguYmFja2VuZHMuTW9kZWxCYWNrZW5kIiwiX2F1dGhfdXNlcl9oYXNoIjoiYTNlN2M3MjRkNWQ2MjM5NjRhZmNhMGQzYWM3ZDYxMzE4MzM4MmQyMCJ9", "expire_date": "2020-01-09T14:09:34.889Z"}}, {"model": "sessions.session", "pk": "tjb35rcr41vu79f2t2ijs6qx0r0iawpz", "fields": {"session_data": "ZTQzYjYxY2Y5ZWJiNzdmZTQ2ZDk2ZDRjOWRmNDhmODQ2ZmY0NTRlNjp7Il9hdXRoX3VzZXJfaWQiOiI2OCIsIl9hdXRoX3VzZXJfYmFja2VuZCI6ImRqYW5nby5jb250cmliLmF1dGguYmFja2VuZHMuTW9kZWxCYWNrZW5kIiwiX2F1dGhfdXNlcl9oYXNoIjoiZTZjMTAxMDQ4NTQ0MGQ5NzdmMzFlYzBmYmVmZjAxN2Q3ODU4N2YwZCJ9", "expire_date": "2020-04-26T21:08:44.729Z"}}, {"model": "sessions.session", "pk": "uan83n58h7t3ut4dc8ky695olv1r0193", "fields": {"session_data": "OWVkZGI2MjhlYzQzMDQ1NDIyYjBiMGIxYTcwOTNlNjFmNmM1YzNmODp7Il9hdXRoX3VzZXJfaWQiOiI1MiIsIl9hdXRoX3VzZXJfYmFja2VuZCI6ImRqYW5nby5jb250cmliLmF1dGguYmFja2VuZHMuTW9kZWxCYWNrZW5kIiwiX2F1dGhfdXNlcl9oYXNoIjoiZjg2MTQxMmEwMzgzODAzYmU1ZmM4ZmI4ZmVhYTg4OTg4N2QwMTg1YiJ9", "expire_date": "2020-05-05T11:24:29.298Z"}}, {"model": "sessions.session", "pk": "vjc98b4loqmb9r72hp2k5k7v822eqvuj", "fields": {"session_data": "MTFhNDc1ZTI1OTUzNDAwYmRhMDRiODlmNDQxODAxZDc4MGUwYmRmYjp7Il9hdXRoX3VzZXJfaWQiOiIyNCIsIl9hdXRoX3VzZXJfYmFja2VuZCI6ImRqYW5nby5jb250cmliLmF1dGguYmFja2VuZHMuTW9kZWxCYWNrZW5kIiwiX2F1dGhfdXNlcl9oYXNoIjoiZTQ5ODNlMDQxMDk1NjAxN2QwMGRkZDI5MzIxOTlkYjBmMGM1NTkzOCJ9", "expire_date": "2019-12-06T07:49:40.794Z"}}, {"model": "sessions.session", "pk": "w1jxepq7gdhnd5vilmd8u3g1ufz6s16c", "fields": {"session_data": "NTc0ZDkwYWRkZDE3MWM2Y2E5NjYzYzQwZjJhODJkMzQwM2MyNjFiYTp7Il9hdXRoX3VzZXJfaWQiOiI5MyIsIl9hdXRoX3VzZXJfYmFja2VuZCI6ImRqYW5nby5jb250cmliLmF1dGguYmFja2VuZHMuTW9kZWxCYWNrZW5kIiwiX2F1dGhfdXNlcl9oYXNoIjoiMTJmZDU5MDVjMTUyNmMzMmFlYmVhZjQ4NWRhYzk1ZWIwM2RhMjY5NyJ9", "expire_date": "2020-05-05T00:56:28.770Z"}}, {"model": "sessions.session", "pk": "wvb9h4u1glgn2g1p7cy71wmajeuk8zt9", "fields": {"session_data": "NGViMWE0OWJjNTU0OThkZmViM2E5MzYyZjkxMjUwYWFkNTBlMWU4Nzp7Il9hdXRoX3VzZXJfaWQiOiI5NSIsIl9hdXRoX3VzZXJfYmFja2VuZCI6ImRqYW5nby5jb250cmliLmF1dGguYmFja2VuZHMuTW9kZWxCYWNrZW5kIiwiX2F1dGhfdXNlcl9oYXNoIjoiYjk1OWM1MGE1OGM4ZDA5ZTcwNGEwZDQxMTM0M2E4MmY3YjIwNWUzZiJ9", "expire_date": "2020-05-05T04:56:42.523Z"}}, {"model": "sessions.session", "pk": "wzdnwgrsru690xaql6z58utl4m0mr3ta", "fields": {"session_data": "OTliNmUwNjQ1YjljMzJkZDIwZmE4MWMyZTUxYTc3MmQ1NWRmMDZiZTp7Il9hdXRoX3VzZXJfaWQiOiIxIiwiX2F1dGhfdXNlcl9iYWNrZW5kIjoiZGphbmdvLmNvbnRyaWIuYXV0aC5iYWNrZW5kcy5Nb2RlbEJhY2tlbmQiLCJfYXV0aF91c2VyX2hhc2giOiJiZGI0YjUzOGQ1MTViZDI4OGUwNWEyODU3YTljYmJlODk5OTA5Mjk3In0=", "expire_date": "2020-03-29T10:45:55.235Z"}}, {"model": "sessions.session", "pk": "wzqa924qkfachnjjf5isw7dvffxgwpas", "fields": {"session_data": "MDk3MjNkM2QyNDZhMmZkMjNhMjU1MDRjMGI1Y2EwM2RlZWFkY2EzMDp7Il9hdXRoX3VzZXJfaWQiOiIxMCIsIl9hdXRoX3VzZXJfYmFja2VuZCI6ImRqYW5nby5jb250cmliLmF1dGguYmFja2VuZHMuTW9kZWxCYWNrZW5kIiwiX2F1dGhfdXNlcl9oYXNoIjoiZmEyZjdiOWRjNGQxMTAxMzRmNWEzMWZhN2NiNjhhYzIwN2RhZTYyNiJ9", "expire_date": "2019-12-26T23:40:59.260Z"}}, {"model": "sessions.session", "pk": "x3g0gjnhwfdct20x3yqfm9wzgcvj5zm5", "fields": {"session_data": "YjE2MDdjNWZmYjNjYTUwZThjOWVhOTM0YmNjNTE1NjMwNzdmMjQzYzp7Il9hdXRoX3VzZXJfaWQiOiI5OCIsIl9hdXRoX3VzZXJfYmFja2VuZCI6ImRqYW5nby5jb250cmliLmF1dGguYmFja2VuZHMuTW9kZWxCYWNrZW5kIiwiX2F1dGhfdXNlcl9oYXNoIjoiMWFjNDM0ZjNiNDMzOTAxMzI2ZGY0NWZkYmFhZDBmYzAxNTk2YWUyYiJ9", "expire_date": "2020-05-05T11:56:20.351Z"}}, {"model": "sessions.session", "pk": "x3iiu1yv37tkerxzxygcsznhowcmasbz", "fields": {"session_data": "NzgzOTAzYzIwNDk4OTgyNTE1YmZhZjI2YjEyMzRhZTJmMDg5MzIyODp7Il9hdXRoX3VzZXJfaWQiOiI0NCIsIl9hdXRoX3VzZXJfYmFja2VuZCI6ImRqYW5nby5jb250cmliLmF1dGguYmFja2VuZHMuTW9kZWxCYWNrZW5kIiwiX2F1dGhfdXNlcl9oYXNoIjoiYWM5MDkxNTRlM2E4ODhlNzM3NjMyOWViZGNiNTViYWI4MzdkYWMxYSJ9", "expire_date": "2020-03-17T07:42:08.534Z"}}, {"model": "sessions.session", "pk": "xe0gmscbdhyg8efl2rwn4pe8gm0n3ml4", "fields": {"session_data": "ZDdiMTA2MTNiMWRjMzRhNTk4ZDQ4ZmI4OGUwMzA2ODQ4MTdmMDQyODp7Il9hdXRoX3VzZXJfaWQiOiI3MiIsIl9hdXRoX3VzZXJfYmFja2VuZCI6ImRqYW5nby5jb250cmliLmF1dGguYmFja2VuZHMuTW9kZWxCYWNrZW5kIiwiX2F1dGhfdXNlcl9oYXNoIjoiNzczYjcyMTY2ODQwY2Y0ZWQyNmQ1ZTk0ZDdmOTUwMmY4ZjA3MWRjZCJ9", "expire_date": "2020-04-27T16:13:11.424Z"}}, {"model": "sessions.session", "pk": "xjvetrltcyiuj5uhj9hd1o4nctq2kj1d", "fields": {"session_data": "NmM4YjZjZDljYzNjNDVhNmI3MWJjZTgwZTlkNTRhOGMwNThlYmZhZjp7Il9hdXRoX3VzZXJfaWQiOiI5MiIsIl9hdXRoX3VzZXJfYmFja2VuZCI6ImRqYW5nby5jb250cmliLmF1dGguYmFja2VuZHMuTW9kZWxCYWNrZW5kIiwiX2F1dGhfdXNlcl9oYXNoIjoiNGI5MjcyNTM4NmI0NzFmYjJiOTE3MDY4MWVjZmY0ZDNlODI3OGI5ZiJ9", "expire_date": "2020-05-05T00:55:37.348Z"}}, {"model": "sessions.session", "pk": "xucottciunfg68ix20tz4lp6znvl0bob", "fields": {"session_data": "OTUwOGRmZGRlMGQ5MjQ1MTNhYzk5NjMyNjkxMGJkNTg3YmYyNjY4YTp7Il9hdXRoX3VzZXJfaWQiOiIxIiwiX2F1dGhfdXNlcl9oYXNoIjoiZDMyM2M2NGM3MzExOTZmNzZkYjk4NmYwYTM0YTg4MDgxYWUyNjVkMSIsIl9hdXRoX3VzZXJfYmFja2VuZCI6ImRqYW5nby5jb250cmliLmF1dGguYmFja2VuZHMuTW9kZWxCYWNrZW5kIn0=", "expire_date": "2019-10-13T22:40:36.418Z"}}, {"model": "sessions.session", "pk": "zawzrnqjnwp5au4uu69ceoaoq5718mmt", "fields": {"session_data": "OTliNmUwNjQ1YjljMzJkZDIwZmE4MWMyZTUxYTc3MmQ1NWRmMDZiZTp7Il9hdXRoX3VzZXJfaWQiOiIxIiwiX2F1dGhfdXNlcl9iYWNrZW5kIjoiZGphbmdvLmNvbnRyaWIuYXV0aC5iYWNrZW5kcy5Nb2RlbEJhY2tlbmQiLCJfYXV0aF91c2VyX2hhc2giOiJiZGI0YjUzOGQ1MTViZDI4OGUwNWEyODU3YTljYmJlODk5OTA5Mjk3In0=", "expire_date": "2020-04-28T20:03:56.509Z"}}, {"model": "sessions.session", "pk": "zg18kfm176c5wc99pjk36hd2kvxaj19h", "fields": {"session_data": "MjkyOGFmNTk1YzZmYWY0YTYzYzdlYzk1Y2M1ZDdjNDY5YWU2YzY2Mzp7fQ==", "expire_date": "2019-12-06T07:57:58.810Z"}}, {"model": "sessions.session", "pk": "zyauou2tskadxk9tssd5qslt4k694fjm", "fields": {"session_data": "MjA5MzcyZTVhNWMxNGFlN2IwYWY2ZmNkMWI0Y2E0YWU1NGI5Y2UzZjp7Il9wYXNzd29yZF9yZXNldF90b2tlbiI6IjVjNy00YThlZTk2ZjljN2JmMTlkNjkzYyJ9", "expire_date": "2019-12-26T23:39:43.876Z"}}, {"model": "podcast.guest", "pk": 1, "fields": {"name": "Gerard Dacosta", "profession": "President Daara-IT"}}, {"model": "podcast.guest", "pk": 2, "fields": {"name": "Elias Waly BA", "profession": "Data Scientist"}}, {"model": "course.language", "pk": 1, "fields": {"name": "Wolof", "abr": "WO"}}, {"model": "course.language", "pk": 2, "fields": {"name": "Fran\u00e7aise", "abr": "FR"}}, {"model": "course.category", "pk": 1, "fields": {"name": "Programmation", "description": "Programmation"}}, {"model": "course.category", "pk": 2, "fields": {"name": "Python", "description": "Python"}}, {"model": "course.category", "pk": 3, "fields": {"name": "Html", "description": "Html"}}, {"model": "course.category", "pk": 4, "fields": {"name": "Django", "description": "Django"}}, {"model": "course.chapter", "pk": 1, "fields": {"name": "Introduction", "course": 1, "slug": "introduction", "date_created": "2019-09-29T23:30:38.332Z", "drafted": false}}, {"model": "course.chapter", "pk": 2, "fields": {"name": "Installation", "course": 1, "slug": "installation", "date_created": "2019-09-29T23:35:06.422Z", "drafted": false}}, {"model": "course.chapter", "pk": 3, "fields": {"name": "Les bases", "course": 1, "slug": "les-bases", "date_created": "2019-10-13T17:45:22.137Z", "drafted": false}}, {"model": "course.chapter", "pk": 4, "fields": {"name": "Les conditions", "course": 1, "slug": "les-conditions", "date_created": "2019-10-13T17:52:33.413Z", "drafted": false}}, {"model": "course.chapter", "pk": 5, "fields": {"name": "Les boucles", "course": 1, "slug": "les-boucles", "date_created": "2019-10-13T17:55:22.732Z", "drafted": false}}, {"model": "course.chapter", "pk": 6, "fields": {"name": "Les structures de donn\u00e9es", "course": 1, "slug": "les-structures-de-donnees", "date_created": "2019-10-13T17:57:16.719Z", "drafted": false}}, {"model": "course.chapter", "pk": 7, "fields": {"name": "Les fonctions", "course": 1, "slug": "les-fonctions", "date_created": "2019-10-13T18:03:45.289Z", "drafted": false}}, {"model": "course.chapter", "pk": 8, "fields": {"name": "Introduction", "course": 2, "slug": "introduction-1", "date_created": "2019-10-19T15:46:22.124Z", "drafted": false}}, {"model": "course.chapter", "pk": 9, "fields": {"name": "Introduction", "course": 3, "slug": "introduction-2", "date_created": "2019-11-11T13:34:00.497Z", "drafted": false}}, {"model": "course.chapter", "pk": 10, "fields": {"name": "Installation et configuration", "course": 3, "slug": "installation-et-configuration", "date_created": "2019-11-21T17:31:58.640Z", "drafted": false}}, {"model": "course.chapter", "pk": 11, "fields": {"name": "Django ORM", "course": 3, "slug": "django-orm", "date_created": "2019-11-21T17:38:08.352Z", "drafted": false}}, {"model": "course.chapter", "pk": 12, "fields": {"name": "Urls, Views et Templates", "course": 3, "slug": "urls-views-et-templates", "date_created": "2019-12-03T05:37:56.125Z", "drafted": false}}, {"model": "course.chapter", "pk": 13, "fields": {"name": "Authentification", "course": 3, "slug": "authentification", "date_created": "2019-12-03T05:44:25.286Z", "drafted": false}}, {"model": "course.chapter", "pk": 14, "fields": {"name": "Section 1", "course": 4, "slug": "section-1", "date_created": "2020-03-18T13:24:35.473Z", "drafted": false}}, {"model": "course.chapter", "pk": 15, "fields": {"name": "Introduction", "course": 5, "slug": "introduction-3", "date_created": "2020-04-12T20:16:57.487Z", "drafted": false}}, {"model": "course.chapter", "pk": 16, "fields": {"name": "CRUD", "course": 5, "slug": "crud", "date_created": "2020-04-12T20:21:59.472Z", "drafted": false}}, {"model": "course.chapter", "pk": 17, "fields": {"name": "D\u00e9ploiement", "course": 5, "slug": "deploiement", "date_created": "2020-04-12T20:25:11.230Z", "drafted": false}}, {"model": "course.chapter", "pk": 18, "fields": {"name": "Mettre en place le site", "course": 2, "slug": "mettre-en-place-le-site", "date_created": "2020-04-15T12:55:20.719Z", "drafted": false}}, {"model": "course.chapter", "pk": 19, "fields": {"name": "Filtrer avec Django", "course": 3, "slug": "filtrer-avec-django", "date_created": "2020-04-21T11:47:34.367Z", "drafted": false}}, {"model": "course.chapter", "pk": 20, "fields": {"name": "CRUD", "course": 3, "slug": "crud-1", "date_created": "2020-04-21T11:48:39.529Z", "drafted": false}}, {"model": "course.chapter", "pk": 21, "fields": {"name": "Deploiement sur Heroku", "course": 3, "slug": "deploiement-sur-heroku", "date_created": "2020-04-21T11:53:11.504Z", "drafted": false}}, {"model": "course.lesson", "pk": 1, "fields": {"title": "Introduction", "is_video": true, "text": "", "slug": "introduction", "file": "", "resource_link": null, "video_id": "3mU5-8wgVBI", "duration": 4, "platform": "Youtube", "chapter": 1, "drafted": false, "date_created": "2020-04-15T12:50:09.660Z"}}, {"model": "course.lesson", "pk": 2, "fields": {"title": "Installation Python pour Windows", "is_video": true, "text": "", "slug": "installation-python-pour-windows", "file": "", "resource_link": null, "video_id": "FAIhJePz7Bg", "duration": 3, "platform": "Youtube", "chapter": 2, "drafted": false, "date_created": "2020-04-15T12:50:09.660Z"}}, {"model": "course.lesson", "pk": 3, "fields": {"title": "Installation Python pour Linux", "is_video": true, "text": "", "slug": "installation-python-pour-linux", "file": "", "resource_link": null, "video_id": "tqk0c-O6SkI", "duration": 2, "platform": "Youtube", "chapter": 2, "drafted": false, "date_created": "2020-04-15T12:50:09.660Z"}}, {"model": "course.lesson", "pk": 4, "fields": {"title": "Installation VS Code pour Windows", "is_video": true, "text": "", "slug": "installation-vs-code-pour-windows", "file": "", "resource_link": null, "video_id": "wfnLXfQNB6o", "duration": 4, "platform": "Youtube", "chapter": 2, "drafted": false, "date_created": "2020-04-15T12:50:09.660Z"}}, {"model": "course.lesson", "pk": 5, "fields": {"title": "Installation VS Code pour Linux", "is_video": true, "text": "", "slug": "installation-vs-code-pour-linux", "file": "", "resource_link": null, "video_id": "tYhPVuGjcsI", "duration": 3, "platform": "Youtube", "chapter": 2, "drafted": false, "date_created": "2020-04-15T12:50:09.660Z"}}, {"model": "course.lesson", "pk": 6, "fields": {"title": "Ecrire votre premier programme", "is_video": true, "text": "", "slug": "ecrire-votre-premier-programme", "file": "", "resource_link": null, "video_id": "Ed65u4UBPjI", "duration": 3, "platform": "Youtube", "chapter": 3, "drafted": false, "date_created": "2020-04-15T12:50:09.660Z"}}, {"model": "course.lesson", "pk": 7, "fields": {"title": "Les variables | Definition et utilisation", "is_video": true, "text": "", "slug": "les-variables-definition", "file": "", "resource_link": null, "video_id": "zQSG1fJXjoI", "duration": 3, "platform": "Youtube", "chapter": 3, "drafted": false, "date_created": "2020-04-15T12:50:09.660Z"}}, {"model": "course.lesson", "pk": 8, "fields": {"title": "Convertir une variable", "is_video": true, "text": "", "slug": "convertir-une-variable", "file": "", "resource_link": null, "video_id": "T_6oW86hrlI", "duration": 6, "platform": "Youtube", "chapter": 3, "drafted": false, "date_created": "2020-04-15T12:50:09.660Z"}}, {"model": "course.lesson", "pk": 9, "fields": {"title": "Les bool\u00e9ens", "is_video": true, "text": "", "slug": "les-booleens", "file": "", "resource_link": null, "video_id": "GImMkVanSLA", "duration": 4, "platform": "Youtube", "chapter": 3, "drafted": false, "date_created": "2020-04-15T12:50:09.660Z"}}, {"model": "course.lesson", "pk": 10, "fields": {"title": "Les op\u00e9rateurs math\u00e9matiques p1", "is_video": true, "text": "", "slug": "les-operateurs-mathematiques-p1", "file": "", "resource_link": null, "video_id": "MScnyj2BRhw", "duration": 8, "platform": "Youtube", "chapter": 3, "drafted": false, "date_created": "2020-04-15T12:50:09.660Z"}}, {"model": "course.lesson", "pk": 11, "fields": {"title": "Les op\u00e9rateurs math\u00e9matiques p2", "is_video": true, "text": "", "slug": "les-operateurs-mathematiques-p2", "file": "", "resource_link": null, "video_id": "tpxr8rRjkgE", "duration": 6, "platform": "Youtube", "chapter": 3, "drafted": false, "date_created": "2020-04-15T12:50:09.660Z"}}, {"model": "course.lesson", "pk": 12, "fields": {"title": "Les op\u00e9rateurs de comparaison", "is_video": true, "text": "", "slug": "les-operateurs-de-comparaison", "file": "", "resource_link": null, "video_id": "Z5trv9vmxcU", "duration": 5, "platform": "Youtube", "chapter": 3, "drafted": false, "date_created": "2020-04-15T12:50:09.660Z"}}, {"model": "course.lesson", "pk": 13, "fields": {"title": "Les fonctions de base", "is_video": true, "text": "", "slug": "les-fonctions-de-base", "file": "", "resource_link": null, "video_id": "Kmms06DuhDY", "duration": 7, "platform": "Youtube", "chapter": 3, "drafted": false, "date_created": "2020-04-15T12:50:09.660Z"}}, {"model": "course.lesson", "pk": 14, "fields": {"title": "La condition IF", "is_video": true, "text": "", "slug": "la-condition-if", "file": "", "resource_link": null, "video_id": "DvIxBQr49dA", "duration": 4, "platform": "Youtube", "chapter": 4, "drafted": false, "date_created": "2020-04-15T12:50:09.660Z"}}, {"model": "course.lesson", "pk": 15, "fields": {"title": "La condition ELSE", "is_video": true, "text": "", "slug": "la-condition-elese", "file": "", "resource_link": null, "video_id": "Z3A87ZQYsaE", "duration": 3, "platform": "Youtube", "chapter": 4, "drafted": false, "date_created": "2020-04-15T12:50:09.660Z"}}, {"model": "course.lesson", "pk": 16, "fields": {"title": "La condition ELIF(Else IF)", "is_video": true, "text": "", "slug": "la-condition-elifelse-if", "file": "", "resource_link": null, "video_id": "Z3A87ZQYsaE", "duration": 6, "platform": "Youtube", "chapter": 4, "drafted": false, "date_created": "2020-04-15T12:50:09.660Z"}}, {"model": "course.lesson", "pk": 17, "fields": {"title": "Boucle FOR", "is_video": true, "text": "", "slug": "boucle-for", "file": "", "resource_link": null, "video_id": "lyPlM7mXTe8", "duration": 6, "platform": "Youtube", "chapter": 5, "drafted": false, "date_created": "2020-04-15T12:50:09.660Z"}}, {"model": "course.lesson", "pk": 18, "fields": {"title": "Boucle While", "is_video": true, "text": "", "slug": "boucle-while", "file": "", "resource_link": null, "video_id": "bWdOfnxN8i0", "duration": 7, "platform": "Youtube", "chapter": 5, "drafted": false, "date_created": "2020-04-15T12:50:09.660Z"}}, {"model": "course.lesson", "pk": 19, "fields": {"title": "Les listes - Cr\u00e9er votre premiere liste", "is_video": true, "text": "", "slug": "les-listes", "file": "", "resource_link": null, "video_id": "xhl2dzoWY6g", "duration": 8, "platform": "Youtube", "chapter": 6, "drafted": false, "date_created": "2020-04-15T12:50:09.660Z"}}, {"model": "course.lesson", "pk": 20, "fields": {"title": "Les listes - Manipulation d'une liste", "is_video": true, "text": "", "slug": "les-listes-manipulation-dune-liste", "file": "", "resource_link": null, "video_id": "ma4IrS08hHk", "duration": 9, "platform": "Youtube", "chapter": 6, "drafted": false, "date_created": "2020-04-15T12:50:09.660Z"}}, {"model": "course.lesson", "pk": 21, "fields": {"title": "Les listes - Boucle et liste", "is_video": true, "text": "", "slug": "les-listes-boucle-et-liste", "file": "", "resource_link": null, "video_id": "d4rmuMPBAb0", "duration": 5, "platform": "Youtube", "chapter": 6, "drafted": false, "date_created": "2020-04-15T12:50:09.660Z"}}, {"model": "course.lesson", "pk": 22, "fields": {"title": "Les Tuples", "is_video": true, "text": "", "slug": "les-tuples", "file": "", "resource_link": null, "video_id": "FGnhiXVP2FE", "duration": 4, "platform": "Youtube", "chapter": 6, "drafted": false, "date_created": "2020-04-15T12:50:09.660Z"}}, {"model": "course.lesson", "pk": 23, "fields": {"title": "Les Tuples - partie 2", "is_video": true, "text": "", "slug": "les-tuples-partie-2", "file": "", "resource_link": null, "video_id": "bvMoNP-X6HY", "duration": 5, "platform": "Youtube", "chapter": 6, "drafted": false, "date_created": "2020-04-15T12:50:09.660Z"}}, {"model": "course.lesson", "pk": 24, "fields": {"title": "Les dictionnaires - Introduction", "is_video": true, "text": "", "slug": "les-dictionnaires-introduction", "file": "", "resource_link": null, "video_id": "3NSDPdwjM_E", "duration": 6, "platform": "Youtube", "chapter": 6, "drafted": false, "date_created": "2020-04-15T12:50:09.660Z"}}, {"model": "course.lesson", "pk": 25, "fields": {"title": "Les dictionnaires - Boucler dans un dictionnaire", "is_video": true, "text": "", "slug": "les-dictionnaires-boucler-dans-un-dictionnaire", "file": "", "resource_link": null, "video_id": "AiH_ggVsBHE", "duration": 4, "platform": "Youtube", "chapter": 6, "drafted": false, "date_created": "2020-04-15T12:50:09.660Z"}}, {"model": "course.lesson", "pk": 26, "fields": {"title": "Les fonctions - Cr\u00e9er votre premiere fonction", "is_video": true, "text": "", "slug": "les-fonctions-creer-votre-premiere-fonction", "file": "", "resource_link": null, "video_id": "KozoSznsZmU", "duration": 4, "platform": "Youtube", "chapter": 7, "drafted": false, "date_created": "2020-04-15T12:50:09.660Z"}}, {"model": "course.lesson", "pk": 27, "fields": {"title": "Les fonctions - Ajouter des arguments(Parameters)", "is_video": true, "text": "", "slug": "les-fonctions-ajouter-des-argumentsparameters", "file": "", "resource_link": null, "video_id": "I4AnxyQcnkE", "duration": 6, "platform": "Youtube", "chapter": 7, "drafted": false, "date_created": "2020-04-15T12:50:09.660Z"}}, {"model": "course.lesson", "pk": 28, "fields": {"title": "Les fonctions - Aller plus loin", "is_video": true, "text": "", "slug": "les-fonctions-aller-plus-loin", "file": "", "resource_link": null, "video_id": "s4Ip-DJ45Jc", "duration": 6, "platform": "Youtube", "chapter": 7, "drafted": false, "date_created": "2020-04-15T12:50:09.660Z"}}, {"model": "course.lesson", "pk": 29, "fields": {"title": "Introduction et pr\u00e9requis", "is_video": true, "text": "<p>Dans cette video je vais vous introduire sur ce qu'on va cr\u00e9er.</p>", "slug": "introduction-et-prerequis", "file": "2129202948163/2129202948163.jpg", "resource_link": null, "video_id": "9dEIs-aOamc", "duration": 5, "platform": "Youtube", "chapter": 8, "drafted": false, "date_created": "2020-04-15T12:50:09.660Z"}}, {"model": "course.lesson", "pk": 30, "fields": {"title": "Presentation de la formation", "is_video": true, "text": "<p>Presentation de la formation Django<br></p>", "slug": "presentation-de-la-formation", "file": "", "resource_link": null, "video_id": "S3RuYdJO-SA", "duration": 3, "platform": "Youtube", "chapter": 9, "drafted": false, "date_created": "2020-04-15T12:50:09.660Z"}}, {"model": "course.lesson", "pk": 31, "fields": {"title": "Les fondamentaux du Web", "is_video": true, "text": "<p>Les fondamentaux du Web<br></p>", "slug": "les-fondamentaux-du-web", "file": "", "resource_link": null, "video_id": "UcWb8ATin3o", "duration": 8, "platform": "Youtube", "chapter": 9, "drafted": false, "date_created": "2020-04-15T12:50:09.660Z"}}, {"model": "course.lesson", "pk": 32, "fields": {"title": "Installation et configuration", "is_video": true, "text": "<p>Installation et configuration<br></p>", "slug": "installation-et-configuration", "file": "", "resource_link": null, "video_id": "bw_BHGWNquY", "duration": 11, "platform": "Youtube", "chapter": 10, "drafted": false, "date_created": "2020-04-15T12:50:09.660Z"}}, {"model": "course.lesson", "pk": 33, "fields": {"title": "Installation de Django", "is_video": true, "text": "", "slug": "installation-de-django", "file": "", "resource_link": null, "video_id": "VvVWJHbx1Yk", "duration": 6, "platform": "Youtube", "chapter": 10, "drafted": false, "date_created": "2020-04-15T12:50:09.660Z"}}, {"model": "course.lesson", "pk": 34, "fields": {"title": "Votre premier projet", "is_video": true, "text": "", "slug": "votre-premier-projet", "file": "", "resource_link": null, "video_id": "04aiJFOuB0Q", "duration": 7, "platform": "Youtube", "chapter": 10, "drafted": false, "date_created": "2020-04-15T12:50:09.660Z"}}, {"model": "course.lesson", "pk": 35, "fields": {"title": "Administration de Django", "is_video": true, "text": "", "slug": "administration-de-django", "file": "", "resource_link": null, "video_id": "k4nxI4R92iI", "duration": 5, "platform": "Youtube", "chapter": 10, "drafted": false, "date_created": "2020-04-15T12:50:09.660Z"}}, {"model": "course.lesson", "pk": 36, "fields": {"title": "Votre premiere application", "is_video": true, "text": "", "slug": "votre-premiere-application", "file": "", "resource_link": null, "video_id": "hdfHaH3WosE", "duration": 6, "platform": "Youtube", "chapter": 10, "drafted": false, "date_created": "2020-04-15T12:50:09.660Z"}}, {"model": "course.lesson", "pk": 37, "fields": {"title": "Django ORM", "is_video": true, "text": "", "slug": "django-orm", "file": "", "resource_link": null, "video_id": "hdfHaH3WosE", "duration": 9, "platform": "Youtube", "chapter": 11, "drafted": false, "date_created": "2020-04-15T12:50:09.660Z"}}, {"model": "course.lesson", "pk": 38, "fields": {"title": "Django Models", "is_video": true, "text": "", "slug": "django-models", "file": "", "resource_link": null, "video_id": "I6fc9QHDlV8", "duration": 11, "platform": "Youtube", "chapter": 11, "drafted": false, "date_created": "2020-04-15T12:50:09.660Z"}}, {"model": "course.lesson", "pk": 39, "fields": {"title": "Django Les URLS", "is_video": true, "text": "", "slug": "django-les-urls", "file": "", "resource_link": null, "video_id": "efEibCMOEsg", "duration": 5, "platform": "Youtube", "chapter": 12, "drafted": false, "date_created": "2020-04-15T12:50:09.660Z"}}, {"model": "course.lesson", "pk": 40, "fields": {"title": "Django Les views", "is_video": true, "text": "", "slug": "django-les-views", "file": "", "resource_link": null, "video_id": "NTe_K15fv10", "duration": 6, "platform": "Youtube", "chapter": 12, "drafted": false, "date_created": "2020-04-15T12:50:09.660Z"}}, {"model": "course.lesson", "pk": 41, "fields": {"title": "Django Les templates", "is_video": true, "text": "", "slug": "django-les-templates", "file": "", "resource_link": null, "video_id": "A56rniXXKww", "duration": 9, "platform": "Youtube", "chapter": 12, "drafted": false, "date_created": "2020-04-15T12:50:09.660Z"}}, {"model": "course.lesson", "pk": 42, "fields": {"title": "Introduction au Bootstrap", "is_video": true, "text": "", "slug": "introduction-au-bootstrap", "file": "", "resource_link": null, "video_id": "XG_VYRvUXUE", "duration": 9, "platform": "Youtube", "chapter": 12, "drafted": false, "date_created": "2020-04-15T12:50:09.660Z"}}, {"model": "course.lesson", "pk": 43, "fields": {"title": "Les balises de Django, Template tags", "is_video": true, "text": "", "slug": "les-balises-de-django-template-tags", "file": "", "resource_link": null, "video_id": "IxfZF06XlPQ", "duration": 11, "platform": "Youtube", "chapter": 12, "drafted": false, "date_created": "2020-04-15T12:50:09.660Z"}}, {"model": "course.lesson", "pk": 44, "fields": {"title": "Afficher la liste des contacts", "is_video": true, "text": "", "slug": "afficher-la-liste-des-contacts", "file": "", "resource_link": null, "video_id": "xx8fW-E3nNA", "duration": 12, "platform": "Youtube", "chapter": 12, "drafted": false, "date_created": "2020-04-15T12:50:09.660Z"}}, {"model": "course.lesson", "pk": 45, "fields": {"title": "Afficher les details d'un contacts", "is_video": true, "text": "", "slug": "afficher-les-details-dun-contacts", "file": "", "resource_link": null, "video_id": "oDBXQUQQJ2k", "duration": 8, "platform": "Youtube", "chapter": 12, "drafted": false, "date_created": "2020-04-15T12:50:09.660Z"}}, {"model": "course.lesson", "pk": 46, "fields": {"title": "Cr\u00e9er des urls Dynamiques", "is_video": true, "text": "", "slug": "creer-des-urls-dynamiques", "file": "", "resource_link": null, "video_id": "bXmVAkxABMA", "duration": 7, "platform": "Youtube", "chapter": 12, "drafted": false, "date_created": "2020-04-15T12:50:09.660Z"}}, {"model": "course.lesson", "pk": 47, "fields": {"title": "Les d\u00e9corateurs", "is_video": true, "text": "", "slug": "les-decorateurs", "file": "", "resource_link": null, "video_id": "-SFb3_-msuE", "duration": 4, "platform": "Youtube", "chapter": 13, "drafted": false, "date_created": "2020-04-15T12:50:09.660Z"}}, {"model": "course.lesson", "pk": 48, "fields": {"title": "Authentifier un utilisateur / Connexion", "is_video": true, "text": "", "slug": "authentifier-un-utilisateur-connexion", "file": "", "resource_link": null, "video_id": "9B1fdF5frwA", "duration": 15, "platform": "Youtube", "chapter": 13, "drafted": false, "date_created": "2020-04-15T12:50:09.660Z"}}, {"model": "course.lesson", "pk": 49, "fields": {"title": "Authentifier un utilisateur / Connexion partie 2", "is_video": true, "text": "", "slug": "authentifier-un-utilisateur-connexion-partie-2", "file": "", "resource_link": null, "video_id": "FhO55dXkyv0", "duration": 10, "platform": "Youtube", "chapter": 13, "drafted": false, "date_created": "2020-04-15T12:50:09.660Z"}}, {"model": "course.lesson", "pk": 50, "fields": {"title": "Python Cours Complet", "is_video": true, "text": "", "slug": "python-cours-complet", "file": "", "resource_link": null, "video_id": "1jeL300cNfw", "duration": 65, "platform": "Youtube", "chapter": 14, "drafted": false, "date_created": "2020-04-15T12:50:09.660Z"}}, {"model": "course.lesson", "pk": 51, "fields": {"title": "Introduction et pr\u00e9sentation du projet", "is_video": true, "text": "", "slug": "introduction-et-presentation-du-projet", "file": "", "resource_link": null, "video_id": "ZYaPKYQy2Sw", "duration": 0, "platform": "Youtube", "chapter": 15, "drafted": false, "date_created": "2020-04-15T12:50:09.660Z"}}, {"model": "course.lesson", "pk": 52, "fields": {"title": "Les pr\u00e9-requis", "is_video": true, "text": "", "slug": "les-pre-requis", "file": "", "resource_link": null, "video_id": "gxh7u4Kz5-o", "duration": 0, "platform": "Youtube", "chapter": 15, "drafted": false, "date_created": "2020-04-15T12:50:09.660Z"}}, {"model": "course.lesson", "pk": 53, "fields": {"title": "Installation de Flask", "is_video": true, "text": "", "slug": "installation-de-flask", "file": "", "resource_link": null, "video_id": "18mHi6d4XoA", "duration": 0, "platform": "Youtube", "chapter": 15, "drafted": false, "date_created": "2020-04-15T12:50:09.660Z"}}, {"model": "course.lesson", "pk": 54, "fields": {"title": "Cr\u00e9er votre premiere application", "is_video": true, "text": "", "slug": "creer-votre-premiere-application", "file": "", "resource_link": null, "video_id": "HdMIxj7-hmE", "duration": 0, "platform": "Youtube", "chapter": 15, "drafted": false, "date_created": "2020-04-15T12:50:09.660Z"}}, {"model": "course.lesson", "pk": 55, "fields": {"title": "Cr\u00e9er les templates et Integer Bootstrap", "is_video": true, "text": "", "slug": "creer-les-templates-et-integrr-bootstrap", "file": "", "resource_link": null, "video_id": "ScSrkUmhDMs", "duration": 0, "platform": "Youtube", "chapter": 15, "drafted": false, "date_created": "2020-04-15T12:50:09.660Z"}}, {"model": "course.lesson", "pk": 56, "fields": {"title": "Les balises du moteur de Template Jinja2", "is_video": true, "text": "", "slug": "les-balises-du-moteur-de-template-jinja2", "file": "", "resource_link": null, "video_id": "Aw1uFIjCtwM", "duration": 0, "platform": "Youtube", "chapter": 15, "drafted": false, "date_created": "2020-04-15T12:50:09.660Z"}}, {"model": "course.lesson", "pk": 57, "fields": {"title": "Les fichiers Statiques CSS et JavaScript", "is_video": true, "text": "", "slug": "les-fichiers-statiques-css-et-javascript", "file": "", "resource_link": null, "video_id": "B414pHdSUg8", "duration": 0, "platform": "Youtube", "chapter": 15, "drafted": false, "date_created": "2020-04-15T12:50:09.660Z"}}, {"model": "course.lesson", "pk": 58, "fields": {"title": "Cr\u00e9er la base de donn\u00e9es et les Tables", "is_video": true, "text": "", "slug": "creer-la-base-de-donnees-et-les-tables", "file": "", "resource_link": null, "video_id": "_kZPv_Q9mps", "duration": 0, "platform": "Youtube", "chapter": 16, "drafted": false, "date_created": "2020-04-15T12:50:09.660Z"}}, {"model": "course.lesson", "pk": 59, "fields": {"title": "Ajout de donn\u00e9es avec l'interpr\u00e9teur de Python", "is_video": true, "text": "", "slug": "ajout-de-donnees-avec-linterpreteur-de-python", "file": "", "resource_link": null, "video_id": "4I-024QwU9s", "duration": 0, "platform": "Youtube", "chapter": 16, "drafted": false, "date_created": "2020-04-15T12:50:09.660Z"}}, {"model": "course.lesson", "pk": 60, "fields": {"title": "Afficher la liste des Taches", "is_video": true, "text": "", "slug": "afficher-la-liste-des-taches", "file": "", "resource_link": null, "video_id": "HiTkpMjcQ5M", "duration": 0, "platform": "Youtube", "chapter": 16, "drafted": false, "date_created": "2020-04-15T12:50:09.660Z"}}, {"model": "course.lesson", "pk": 61, "fields": {"title": "Ajouter une nouvelle tache", "is_video": true, "text": "", "slug": "ajouter-une-nouvelle-tache", "file": "", "resource_link": null, "video_id": "Ldf03W-Um1c", "duration": 0, "platform": "Youtube", "chapter": 16, "drafted": false, "date_created": "2020-04-15T12:50:09.660Z"}}, {"model": "course.lesson", "pk": 62, "fields": {"title": "Supprimer une Tache", "is_video": true, "text": "", "slug": "supprimer-une-tache", "file": "", "resource_link": null, "video_id": "F8HyiGoFzfo", "duration": 0, "platform": "Youtube", "chapter": 16, "drafted": false, "date_created": "2020-04-15T12:50:09.660Z"}}, {"model": "course.lesson", "pk": 63, "fields": {"title": "Modifier une Tache", "is_video": true, "text": "", "slug": "modifier-une-tache", "file": "", "resource_link": null, "video_id": "bJUVeKS-GuQ", "duration": 0, "platform": "Youtube", "chapter": 16, "drafted": false, "date_created": "2020-04-15T12:50:09.660Z"}}, {"model": "course.lesson", "pk": 64, "fields": {"title": "D\u00e9ployer votre application sur Heroku", "is_video": true, "text": "", "slug": "deployer-votre-application-sur-heroku", "file": "", "resource_link": null, "video_id": "hw-s2TpbtwU", "duration": 0, "platform": "Youtube", "chapter": 17, "drafted": false, "date_created": "2020-04-15T12:50:09.660Z"}}, {"model": "course.lesson", "pk": 65, "fields": {"title": "Partie 1", "is_video": true, "text": "Partie 1", "slug": "partie-1", "file": "", "resource_link": null, "video_id": "MFYGYVe-GGg", "duration": 0, "platform": "Youtube", "chapter": 18, "drafted": false, "date_created": "2020-04-15T12:55:56.017Z"}}, {"model": "course.lesson", "pk": 66, "fields": {"title": "Partie 2", "is_video": true, "text": "Partie 2", "slug": "partie-2", "file": "", "resource_link": null, "video_id": "qpebzzyGth0", "duration": 0, "platform": "Youtube", "chapter": 18, "drafted": false, "date_created": "2020-04-15T12:56:30.198Z"}}, {"model": "course.lesson", "pk": 67, "fields": {"title": "Partie 3", "is_video": true, "text": "Partie 3", "slug": "partie-3", "file": "", "resource_link": null, "video_id": "pXLibmhRxr4", "duration": 0, "platform": "Youtube", "chapter": 18, "drafted": false, "date_created": "2020-04-15T12:56:56.386Z"}}, {"model": "course.lesson", "pk": 68, "fields": {"title": "Partie 4", "is_video": true, "text": "Partie 4", "slug": "partie-4", "file": "", "resource_link": null, "video_id": "EbHfDoaVwFs", "duration": 0, "platform": "Youtube", "chapter": 18, "drafted": false, "date_created": "2020-04-15T12:57:22.484Z"}}, {"model": "course.lesson", "pk": 69, "fields": {"title": "Partie 5", "is_video": true, "text": "Partie 5", "slug": "partie-5", "file": "", "resource_link": null, "video_id": "zcQ6_ESjuCo", "duration": 0, "platform": "Youtube", "chapter": 18, "drafted": false, "date_created": "2020-04-15T12:57:47.849Z"}}, {"model": "course.lesson", "pk": 70, "fields": {"title": "Partie 6", "is_video": true, "text": "Partie 6", "slug": "partie-6", "file": "", "resource_link": null, "video_id": "rN08OezA-z4", "duration": 0, "platform": "Youtube", "chapter": 18, "drafted": false, "date_created": "2020-04-15T12:58:20.911Z"}}, {"model": "course.lesson", "pk": 71, "fields": {"title": "Inscrire un utilisateur partie 1", "is_video": true, "text": "Comment inscrire un utilisateur", "slug": "inscrire-un-utilisateur-partie-1", "file": "", "resource_link": null, "video_id": "ZKlWCEetp8U", "duration": 0, "platform": "Youtube", "chapter": 13, "drafted": false, "date_created": "2020-04-21T11:44:42.687Z"}}, {"model": "course.lesson", "pk": 72, "fields": {"title": "Inscrire un utilisateur partie 2", "is_video": true, "text": "Comment inscrire un nouvel utilisateur", "slug": "inscrire-un-utilisateur-partie-2", "file": "", "resource_link": null, "video_id": "q1rbguGYq5Q", "duration": 0, "platform": "Youtube", "chapter": 13, "drafted": false, "date_created": "2020-04-21T11:45:11.571Z"}}, {"model": "course.lesson", "pk": 73, "fields": {"title": "Comment faire des filtre", "is_video": true, "text": "Comment faire des filtre", "slug": "comment-faire-des-filtre", "file": "", "resource_link": null, "video_id": "uUMtmz_o3VM", "duration": 0, "platform": "Youtube", "chapter": 19, "drafted": false, "date_created": "2020-04-21T11:48:08.714Z"}}, {"model": "course.lesson", "pk": 74, "fields": {"title": "Cr\u00e9er un nouveau contact partie 1", "is_video": true, "text": "Creer un contact", "slug": "creer-un-nouveau-contact-partie-1", "file": "", "resource_link": null, "video_id": "EANYjhJIDAU", "duration": 0, "platform": "Youtube", "chapter": 20, "drafted": false, "date_created": "2020-04-21T11:49:59.297Z"}}, {"model": "course.lesson", "pk": 75, "fields": {"title": "Cr\u00e9er un nouveau contact partie 2", "is_video": true, "text": "Creer un contact partie 2", "slug": "creer-un-nouveau-contact-partie-2", "file": "", "resource_link": null, "video_id": "vKm8K75RTEU", "duration": 0, "platform": "Youtube", "chapter": 20, "drafted": false, "date_created": "2020-04-21T11:50:45.812Z"}}, {"model": "course.lesson", "pk": 76, "fields": {"title": "Modifier un contact", "is_video": true, "text": "Modifier un contact", "slug": "modifier-un-contact", "file": "", "resource_link": null, "video_id": "xdanHJ42iQQ", "duration": 0, "platform": "Youtube", "chapter": 20, "drafted": false, "date_created": "2020-04-21T11:51:20.480Z"}}, {"model": "course.lesson", "pk": 77, "fields": {"title": "Supprimer un contact", "is_video": true, "text": "Supprimer un contact", "slug": "supprimer-un-contact", "file": "", "resource_link": null, "video_id": "owcQfMsNDpQ", "duration": 0, "platform": "Youtube", "chapter": 20, "drafted": false, "date_created": "2020-04-21T11:51:50.669Z"}}, {"model": "course.lesson", "pk": 78, "fields": {"title": "Archiver un contact", "is_video": true, "text": "Archiver un contact", "slug": "archiver-un-contact", "file": "", "resource_link": null, "video_id": "xmGgL2B5kfI", "duration": 0, "platform": "Youtube", "chapter": 20, "drafted": false, "date_created": "2020-04-21T11:52:20.240Z"}}, {"model": "course.lesson", "pk": 79, "fields": {"title": "Rendre notre application jolie avec du CSS", "is_video": true, "text": "Rendre notre application jolie avec du CSS", "slug": "rendre-notre-application-jolie-avec-du-css", "file": "", "resource_link": null, "video_id": "vZzmQw9UeSI", "duration": 0, "platform": "Youtube", "chapter": 21, "drafted": false, "date_created": "2020-04-21T11:53:49.629Z"}}, {"model": "course.lesson", "pk": 80, "fields": {"title": "D\u00e9ployer votre application sur Heroku", "is_video": true, "text": "Deploiement", "slug": "deployer-votre-application-sur-heroku-1", "file": "", "resource_link": null, "video_id": "tbSvDJXYqEo", "duration": 0, "platform": "Youtube", "chapter": 21, "drafted": false, "date_created": "2020-04-21T11:54:32.836Z"}}, {"model": "pages.subscribe", "pk": 1, "fields": {"email_id": "mstspr1155@gmail.com", "timestamp": "2019-09-30T18:12:44.219Z"}}, {"model": "pages.subscribe", "pk": 2, "fields": {"email_id": "tinegalass@gmail.com", "timestamp": "2019-10-08T02:12:18.508Z"}}, {"model": "pages.subscribe", "pk": 3, "fields": {"email_id": "baseydou95@gmail.com", "timestamp": "2019-11-12T01:17:38.543Z"}}, {"model": "pages.subscribe", "pk": 4, "fields": {"email_id": "cheikhahmad@live.fr", "timestamp": "2019-11-24T16:33:42.664Z"}}, {"model": "pages.subscribe", "pk": 5, "fields": {"email_id": "demeseydou@gmail.com", "timestamp": "2019-12-06T23:26:01.339Z"}}, {"model": "pages.subscribe", "pk": 6, "fields": {"email_id": "arakh9@gmail.com", "timestamp": "2019-12-15T19:58:17.864Z"}}, {"model": "pages.subscribe", "pk": 7, "fields": {"email_id": "modoufatykharygueye@gmail.com", "timestamp": "2020-01-13T23:10:17.419Z"}}, {"model": "pages.subscribe", "pk": 8, "fields": {"email_id": "yeleta2014yaya@gmail.com", "timestamp": "2020-01-23T15:24:04.641Z"}}, {"model": "pages.subscribe", "pk": 9, "fields": {"email_id": "yeleta2014yaya@gmail.com", "timestamp": "2020-01-23T15:24:04.854Z"}}, {"model": "pages.subscribe", "pk": 10, "fields": {"email_id": "zouki1996@gmail.com", "timestamp": "2020-02-05T01:20:58.765Z"}}, {"model": "pages.subscribe", "pk": 11, "fields": {"email_id": "diopsadikh94@gmail.com", "timestamp": "2020-02-09T11:15:52.557Z"}}, {"model": "pages.subscribe", "pk": 12, "fields": {"email_id": "francisco@diambarstech.org", "timestamp": "2020-02-12T16:17:58.282Z"}}, {"model": "pages.subscribe", "pk": 13, "fields": {"email_id": "diorkama@gmail.com", "timestamp": "2020-02-23T11:05:20.232Z"}}, {"model": "pages.subscribe", "pk": 14, "fields": {"email_id": "khadimbodji7@gmail.com", "timestamp": "2020-02-23T16:12:28.208Z"}}, {"model": "pages.subscribe", "pk": 15, "fields": {"email_id": "becayesidibe2000@gmail.com", "timestamp": "2020-02-28T23:42:53.893Z"}}, {"model": "pages.subscribe", "pk": 16, "fields": {"email_id": "djibymbaye347@gmail.com", "timestamp": "2020-02-29T11:34:49.446Z"}}, {"model": "pages.subscribe", "pk": 17, "fields": {"email_id": "balladiop.diop@gmail.com", "timestamp": "2020-02-29T13:03:54.032Z"}}, {"model": "pages.subscribe", "pk": 18, "fields": {"email_id": "99omar.niang@gmail.com", "timestamp": "2020-02-29T13:50:41.071Z"}}, {"model": "pages.subscribe", "pk": 19, "fields": {"email_id": "yameogoali50@gmail.com", "timestamp": "2020-03-02T16:15:00.464Z"}}, {"model": "pages.subscribe", "pk": 20, "fields": {"email_id": "djweuze@gmail.com", "timestamp": "2020-03-07T11:02:10.750Z"}}, {"model": "pages.subscribe", "pk": 21, "fields": {"email_id": "amedediouf9@gmail.com", "timestamp": "2020-03-14T16:51:13.640Z"}}, {"model": "pages.subscribe", "pk": 22, "fields": {"email_id": "a7859e@gmail.com", "timestamp": "2020-03-16T11:22:38.772Z"}}, {"model": "pages.subscribe", "pk": 23, "fields": {"email_id": "limageume@gmail.com", "timestamp": "2020-03-16T14:55:12.487Z"}}, {"model": "pages.subscribe", "pk": 24, "fields": {"email_id": "salioumbodj97@gmail.com", "timestamp": "2020-03-19T16:32:16.611Z"}}, {"model": "pages.subscribe", "pk": 25, "fields": {"email_id": "mamadoundir2@gmail.com", "timestamp": "2020-03-22T22:15:11.884Z"}}, {"model": "pages.subscribe", "pk": 26, "fields": {"email_id": "bambaspoid@gmail.com", "timestamp": "2020-03-23T17:02:52.104Z"}}, {"model": "users.customuser", "pk": 1, "fields": {"password": "pbkdf2_sha256$180000$UQO7PdhM07WE$d+DN6sTBk75LOuhGjJxZ1nG8st4y/xSR5ZPav+5HCkg=", "last_login": "2020-04-20T14:43:30.331Z", "is_superuser": true, "first_name": "Ousseynou", "last_name": "Diop", "is_staff": true, "is_active": true, "date_joined": "2019-09-29T11:57:15.370Z", "email": "mstspr1155@gmail.com", "scoial": null, "phone": "779929952", "address": "Sicap Mbao, Extension 596", "avatar": "8866221718730/8866221718730.png", "bio": "D\u00e9veloppeur et Formateur", "user_type": "TC", "groups": [], "user_permissions": []}}, {"model": "users.customuser", "pk": 2, "fields": {"password": "pbkdf2_sha256$150000$OQZEXIZppqSX$geek3vS9Jh7zhXI/P00CQgDxKE72TMUnSvmzlnwUj18=", "last_login": null, "is_superuser": false, "first_name": "", "last_name": "", "is_staff": false, "is_active": true, "date_joined": "2019-09-29T22:40:58.551Z", "email": "aliounebadaradiouf7@gmail.com", "scoial": null, "phone": null, "address": null, "avatar": "", "bio": "", "user_type": "ST", "groups": [], "user_permissions": []}}, {"model": "users.customuser", "pk": 3, "fields": {"password": "pbkdf2_sha256$150000$Fi8asyiDZL1v$IAH4BvK+yA52JykC+2B4EYCyN644pAbRP95hKJFDJ+k=", "last_login": null, "is_superuser": false, "first_name": "", "last_name": "", "is_staff": false, "is_active": true, "date_joined": "2019-09-29T22:41:18.517Z", "email": "babacar.mbengue10@gmail.com", "scoial": null, "phone": null, "address": null, "avatar": "", "bio": "", "user_type": "ST", "groups": [], "user_permissions": []}}, {"model": "users.customuser", "pk": 4, "fields": {"password": "pbkdf2_sha256$150000$5fl0GY7Xvoys$ZBMYhAeNAOMY0MQBgjU8DxRL2SxfgeIZUrZdc59udzM=", "last_login": null, "is_superuser": false, "first_name": "", "last_name": "", "is_staff": false, "is_active": true, "date_joined": "2019-09-29T22:41:37.723Z", "email": "diassemambaye6@gmail.com", "scoial": null, "phone": null, "address": null, "avatar": "", "bio": "", "user_type": "ST", "groups": [], "user_permissions": []}}, {"model": "users.customuser", "pk": 5, "fields": {"password": "pbkdf2_sha256$150000$XkIZVkToeTAy$BF2SmpqjZsjweMU8Sc10VsFHd8QwfqDXA7wTK/ybf3M=", "last_login": null, "is_superuser": false, "first_name": "", "last_name": "", "is_staff": false, "is_active": true, "date_joined": "2019-09-29T22:41:54.825Z", "email": "engires1813@gmail.com", "scoial": null, "phone": null, "address": null, "avatar": "", "bio": "", "user_type": "ST", "groups": [], "user_permissions": []}}, {"model": "users.customuser", "pk": 6, "fields": {"password": "pbkdf2_sha256$150000$qFoCN9IX0llb$rGbPkiimnm0gppNtGDLy1EaUX07nmOJAw0Rviw/tMnE=", "last_login": null, "is_superuser": false, "first_name": "", "last_name": "", "is_staff": false, "is_active": true, "date_joined": "2019-09-29T22:42:10.537Z", "email": "issa@gmail.com", "scoial": null, "phone": null, "address": null, "avatar": "", "bio": "", "user_type": "ST", "groups": [], "user_permissions": []}}, {"model": "users.customuser", "pk": 7, "fields": {"password": "pbkdf2_sha256$150000$VwjFax8gkCsJ$czuY2i/kIyT3zocg0Wj75KCbpzp4mo5L3R7w8N7P+Kw=", "last_login": null, "is_superuser": false, "first_name": "", "last_name": "", "is_staff": false, "is_active": true, "date_joined": "2019-09-29T22:42:27.207Z", "email": "nerdben1@gmail.com", "scoial": null, "phone": null, "address": null, "avatar": "", "bio": "", "user_type": "ST", "groups": [], "user_permissions": []}}, {"model": "users.customuser", "pk": 8, "fields": {"password": "pbkdf2_sha256$150000$o24nuLkfTORH$Xw4XoguWL3DOcVR0RP3bN1oUJ1Wa5P4OB7uVNLgwTzM=", "last_login": null, "is_superuser": false, "first_name": "", "last_name": "", "is_staff": false, "is_active": true, "date_joined": "2019-09-29T22:42:47.607Z", "email": "noxise11@gmail.com", "scoial": null, "phone": null, "address": null, "avatar": "", "bio": "", "user_type": "ST", "groups": [], "user_permissions": []}}, {"model": "users.customuser", "pk": 9, "fields": {"password": "pbkdf2_sha256$150000$n2WtOHfX3C8Y$M0aF7ZRlQ1G+KUb9Ga4IlSaz9uA8u9JIm6as6Owby5o=", "last_login": null, "is_superuser": false, "first_name": "", "last_name": "", "is_staff": false, "is_active": true, "date_joined": "2019-09-29T22:43:10.695Z", "email": "papekaan@gmail.com", "scoial": null, "phone": null, "address": null, "avatar": "", "bio": "", "user_type": "ST", "groups": [], "user_permissions": []}}, {"model": "users.customuser", "pk": 10, "fields": {"password": "pbkdf2_sha256$150000$B4GVjhB3YpSD$FrQPxClBc3TwexSDLn145g7kyPGI64kY8bWZ0q79ErE=", "last_login": "2019-12-12T23:40:59.239Z", "is_superuser": false, "first_name": "", "last_name": "", "is_staff": false, "is_active": true, "date_joined": "2019-09-29T22:43:27.005Z", "email": "riftone07@gmail.com", "scoial": null, "phone": null, "address": null, "avatar": "", "bio": "", "user_type": "ST", "groups": [], "user_permissions": []}}, {"model": "users.customuser", "pk": 11, "fields": {"password": "pbkdf2_sha256$150000$dhE5HnYa9COn$3NaW/GjRWCVCymOPW3ca+ARk2cW9BkyFUz8McXHq0ns=", "last_login": null, "is_superuser": false, "first_name": "", "last_name": "", "is_staff": false, "is_active": true, "date_joined": "2019-09-29T22:43:45.311Z", "email": "kevin@gmail.com", "scoial": null, "phone": null, "address": null, "avatar": "", "bio": "", "user_type": "ST", "groups": [], "user_permissions": []}}, {"model": "users.customuser", "pk": 12, "fields": {"password": "pbkdf2_sha256$150000$tB15xJMyFhRO$IR4SBNZ72bMJbD8tmPhKre8TDEzGwBtYOjhVt/+RzrU=", "last_login": null, "is_superuser": false, "first_name": "", "last_name": "", "is_staff": false, "is_active": true, "date_joined": "2019-10-06T19:21:03.243Z", "email": "djittevip197509@gmail.com", "scoial": null, "phone": null, "address": null, "avatar": "", "bio": "", "user_type": "ST", "groups": [], "user_permissions": []}}, {"model": "users.customuser", "pk": 13, "fields": {"password": "pbkdf2_sha256$150000$mpJx2TevERsc$3A7fsL62SBS22e7KV4IQVDCnMmOdLfXWLABeV0mO+io=", "last_login": "2019-10-08T01:04:59.123Z", "is_superuser": false, "first_name": "", "last_name": "", "is_staff": false, "is_active": true, "date_joined": "2019-10-07T23:37:53.607Z", "email": "tinegalass@gmail.com", "scoial": null, "phone": null, "address": null, "avatar": "", "bio": "", "user_type": "ST", "groups": [], "user_permissions": []}}, {"model": "users.customuser", "pk": 14, "fields": {"password": "pbkdf2_sha256$150000$JYJAyZsPyaWu$hcQSX9x/Cj+WkYKnktkqIh3GSc9PWsU21O1xKNGmb9Q=", "last_login": "2019-11-21T17:40:13.867Z", "is_superuser": false, "first_name": "", "last_name": "", "is_staff": false, "is_active": true, "date_joined": "2019-10-18T10:01:18.199Z", "email": "student@xarala.tech", "scoial": null, "phone": null, "address": null, "avatar": "", "bio": "", "user_type": "ST", "groups": [], "user_permissions": []}}, {"model": "users.customuser", "pk": 15, "fields": {"password": "pbkdf2_sha256$150000$4XQnhC056NiC$4T1OOc7eI2eVsoN5/C0Gy6J45JiaWLUCXaatRIIRSvM=", "last_login": "2019-10-18T20:33:08.972Z", "is_superuser": false, "first_name": "", "last_name": "", "is_staff": false, "is_active": true, "date_joined": "2019-10-18T20:32:55.424Z", "email": "hackerone@gmail.com", "scoial": null, "phone": null, "address": null, "avatar": "", "bio": "", "user_type": "ST", "groups": [], "user_permissions": []}}, {"model": "users.customuser", "pk": 16, "fields": {"password": "pbkdf2_sha256$150000$XFjKSgrUSWY1$gcNVXOi2a0nU3Ld1QcfyGRHktW5jyDT1dS0Ia/lL/FY=", "last_login": "2019-11-02T20:14:52.206Z", "is_superuser": false, "first_name": "", "last_name": "", "is_staff": false, "is_active": true, "date_joined": "2019-11-02T20:14:41.314Z", "email": "test2019@gmail.com", "scoial": null, "phone": null, "address": null, "avatar": "", "bio": "", "user_type": "ST", "groups": [], "user_permissions": []}}, {"model": "users.customuser", "pk": 17, "fields": {"password": "pbkdf2_sha256$150000$pA0vyA6aijI6$Onq+t+43y1p79Xe7gAQIqGWVr5aKC6t8nU2usIsS/Ks=", "last_login": "2019-11-03T03:08:31.353Z", "is_superuser": false, "first_name": "", "last_name": "", "is_staff": false, "is_active": true, "date_joined": "2019-11-03T03:08:04.058Z", "email": "gamer004real@gmail.com", "scoial": null, "phone": null, "address": null, "avatar": "", "bio": "", "user_type": "ST", "groups": [], "user_permissions": []}}, {"model": "users.customuser", "pk": 18, "fields": {"password": "pbkdf2_sha256$150000$URqNvFFYux5I$TtdXUBl7TjOWDU2+eUC5cKmgEO8kD9SbkOfAg883Hqw=", "last_login": "2019-11-19T14:49:05.715Z", "is_superuser": false, "first_name": "", "last_name": "", "is_staff": false, "is_active": true, "date_joined": "2019-11-12T00:11:39.544Z", "email": "baseydou95@gmail.com", "scoial": null, "phone": null, "address": null, "avatar": "", "bio": "", "user_type": "ST", "groups": [], "user_permissions": []}}, {"model": "users.customuser", "pk": 19, "fields": {"password": "pbkdf2_sha256$150000$b5nDsgTzaL6e$872fetXJpjvOXSMQN30RnWSxNksLtcy3eXzXS8VS5xY=", "last_login": "2019-11-12T08:02:42.949Z", "is_superuser": false, "first_name": "", "last_name": "", "is_staff": false, "is_active": true, "date_joined": "2019-11-12T08:02:01.734Z", "email": "josephhenrinodichao@gmail.com", "scoial": null, "phone": null, "address": null, "avatar": "", "bio": "", "user_type": "ST", "groups": [], "user_permissions": []}}, {"model": "users.customuser", "pk": 20, "fields": {"password": "pbkdf2_sha256$150000$zjv650o1hx8O$U9F+5nSt7slseXbX7Z+HuWTTbpqXNsf39+VQ7JBK9Bs=", "last_login": "2019-11-12T09:03:12.714Z", "is_superuser": false, "first_name": "", "last_name": "", "is_staff": false, "is_active": true, "date_joined": "2019-11-12T09:02:52.730Z", "email": "boybreezy95@gmail.com", "scoial": null, "phone": null, "address": null, "avatar": "", "bio": "", "user_type": "ST", "groups": [], "user_permissions": []}}, {"model": "users.customuser", "pk": 21, "fields": {"password": "pbkdf2_sha256$150000$IDCjiav5j7ku$PMuRi6aw71ixag7wwn4Ki8gdBESfqdXC2pTrkJH61wU=", "last_login": null, "is_superuser": false, "first_name": "", "last_name": "", "is_staff": false, "is_active": true, "date_joined": "2019-11-21T17:24:49.217Z", "email": "papalayepro@gmail.com", "scoial": null, "phone": null, "address": null, "avatar": "", "bio": "", "user_type": "ST", "groups": [], "user_permissions": []}}, {"model": "users.customuser", "pk": 22, "fields": {"password": "pbkdf2_sha256$150000$8Rrf82ie1aTP$LHLyxwh9LMi93xk1tBbDjEIAjn3ILvRGE+l9v3iesiQ=", "last_login": "2019-11-21T18:30:10.045Z", "is_superuser": false, "first_name": "", "last_name": "", "is_staff": false, "is_active": true, "date_joined": "2019-11-21T18:29:20.227Z", "email": "fallsouleymane4k@gmail.com", "scoial": null, "phone": null, "address": null, "avatar": "", "bio": "", "user_type": "ST", "groups": [], "user_permissions": []}}, {"model": "users.customuser", "pk": 23, "fields": {"password": "pbkdf2_sha256$150000$XseNh6hr6PCz$xpmK+1l4aJRbIsnBsNIYb1f8gQCdXHkBiDk5l9wgIZc=", "last_login": "2019-11-21T19:02:41.204Z", "is_superuser": false, "first_name": "", "last_name": "", "is_staff": false, "is_active": true, "date_joined": "2019-11-21T18:59:41.502Z", "email": "ahmeth.amar@gmail.com", "scoial": null, "phone": null, "address": null, "avatar": "", "bio": "", "user_type": "ST", "groups": [], "user_permissions": []}}, {"model": "users.customuser", "pk": 24, "fields": {"password": "pbkdf2_sha256$150000$sJjAUZe6jexc$4M2G4/83zaLxVJ4nhF+n9pwltvPEQ2DtprDyT6CBeaw=", "last_login": "2019-11-22T07:58:24.910Z", "is_superuser": false, "first_name": "", "last_name": "", "is_staff": false, "is_active": true, "date_joined": "2019-11-22T07:48:29.731Z", "email": "msarr28@gmail.com", "scoial": null, "phone": null, "address": null, "avatar": "", "bio": "", "user_type": "ST", "groups": [], "user_permissions": []}}, {"model": "users.customuser", "pk": 25, "fields": {"password": "pbkdf2_sha256$150000$Im4bkU3iMcNb$KoGsc9SjONEzRyggkxUboWjnjwpR5ng08X6xYnpGMg0=", "last_login": "2019-11-24T13:58:07.075Z", "is_superuser": false, "first_name": "", "last_name": "", "is_staff": false, "is_active": true, "date_joined": "2019-11-24T13:57:39.334Z", "email": "lassana98.ls@gmail.com", "scoial": null, "phone": null, "address": null, "avatar": "", "bio": "", "user_type": "ST", "groups": [], "user_permissions": []}}, {"model": "users.customuser", "pk": 26, "fields": {"password": "pbkdf2_sha256$150000$0Hztxmga89QL$Z5U4WTjlpGZfL3ZjuZtoFS1VmgnElRmhc3x6AnkQN3M=", "last_login": "2019-11-24T16:38:04.841Z", "is_superuser": false, "first_name": "", "last_name": "", "is_staff": false, "is_active": true, "date_joined": "2019-11-24T16:37:20.431Z", "email": "cheikhahmad@live.fr", "scoial": null, "phone": null, "address": null, "avatar": "", "bio": "", "user_type": "ST", "groups": [], "user_permissions": []}}, {"model": "users.customuser", "pk": 27, "fields": {"password": "pbkdf2_sha256$150000$jEBdmjMSva6C$iIXe0LLi8ueckUC8Ko5ncOF9hJbuaXlS+zFRpLND4Tk=", "last_login": "2019-12-04T11:38:17.463Z", "is_superuser": false, "first_name": "", "last_name": "", "is_staff": false, "is_active": true, "date_joined": "2019-12-04T11:38:02.979Z", "email": "bemiaristide@gmail.com", "scoial": null, "phone": null, "address": null, "avatar": "", "bio": "", "user_type": "ST", "groups": [], "user_permissions": []}}, {"model": "users.customuser", "pk": 28, "fields": {"password": "pbkdf2_sha256$150000$OBncDlXsL9NU$2vOkMt7/yfAEAo0JIEhuISGgFj8GoEXnW2fUJo6jIc8=", "last_login": "2019-12-26T14:09:34.881Z", "is_superuser": false, "first_name": "", "last_name": "", "is_staff": false, "is_active": true, "date_joined": "2019-12-26T14:09:12.802Z", "email": "wilfriedaimeyao@gmail.com", "scoial": null, "phone": null, "address": null, "avatar": "", "bio": "", "user_type": "ST", "groups": [], "user_permissions": []}}, {"model": "users.customuser", "pk": 29, "fields": {"password": "pbkdf2_sha256$180000$ZabGgeuyjz0V$G4j6fRhE5MGM6/a5ZouwwstCMUa9u10ou0/cKLOB7ys=", "last_login": "2020-01-13T00:57:26.831Z", "is_superuser": false, "first_name": "", "last_name": "", "is_staff": false, "is_active": true, "date_joined": "2020-01-13T00:56:32.087Z", "email": "balladiop.diop@gmail.com", "scoial": null, "phone": null, "address": null, "avatar": "", "bio": "", "user_type": "ST", "groups": [], "user_permissions": []}}, {"model": "users.customuser", "pk": 30, "fields": {"password": "pbkdf2_sha256$180000$T526f6mmdSMw$RtS5k2BfhaCt5AyLnTAX4gKY5FiLYxCRb9jLyt1eU98=", "last_login": "2020-01-20T19:25:20.173Z", "is_superuser": false, "first_name": "", "last_name": "", "is_staff": false, "is_active": true, "date_joined": "2020-01-20T19:24:44.473Z", "email": "diopaissatou0810@gmail.com", "scoial": null, "phone": null, "address": null, "avatar": "", "bio": "", "user_type": "ST", "groups": [], "user_permissions": []}}, {"model": "users.customuser", "pk": 31, "fields": {"password": "pbkdf2_sha256$180000$5qHM4WrvCFip$LAgsRQZmmRWvtxJUsk4/QEQO+ZZ4czp/MuVURe6AMVY=", "last_login": null, "is_superuser": false, "first_name": "", "last_name": "", "is_staff": false, "is_active": true, "date_joined": "2020-01-23T09:51:05.333Z", "email": "Sadikhabou@gmail.com", "scoial": null, "phone": null, "address": null, "avatar": "", "bio": "", "user_type": "ST", "groups": [], "user_permissions": []}}, {"model": "users.customuser", "pk": 32, "fields": {"password": "pbkdf2_sha256$180000$AhnGwBHRbx0O$2zgD5xt1+DxCkRV4mJhu7ftF8HhkHvogLeKcB4vPSXQ=", "last_login": "2020-02-05T00:43:33.000Z", "is_superuser": false, "first_name": "", "last_name": "", "is_staff": false, "is_active": true, "date_joined": "2020-02-05T00:42:55.400Z", "email": "zouki1996@gmail.com", "scoial": null, "phone": null, "address": null, "avatar": "", "bio": "", "user_type": "ST", "groups": [], "user_permissions": []}}, {"model": "users.customuser", "pk": 33, "fields": {"password": "pbkdf2_sha256$180000$YM1KrN0vSHVX$KM9G+XtoGibpUqsLmMu90I0TS4o224vGgPjraLXRZHA=", "last_login": null, "is_superuser": false, "first_name": "", "last_name": "", "is_staff": false, "is_active": true, "date_joined": "2020-02-05T09:51:30.559Z", "email": "bathieb@gmail.com", "scoial": null, "phone": null, "address": null, "avatar": "", "bio": "", "user_type": "ST", "groups": [], "user_permissions": []}}, {"model": "users.customuser", "pk": 34, "fields": {"password": "pbkdf2_sha256$180000$gFRwbLw6URo3$n2QkyroU4wrDqhbwBJhMjgOobic8/pHyNRKCpZ1Xx+w=", "last_login": "2020-02-08T01:27:32.356Z", "is_superuser": false, "first_name": "", "last_name": "", "is_staff": false, "is_active": true, "date_joined": "2020-02-08T01:24:42.327Z", "email": "bcdbuddy@outlook.com", "scoial": null, "phone": null, "address": null, "avatar": "", "bio": "", "user_type": "ST", "groups": [], "user_permissions": []}}, {"model": "users.customuser", "pk": 35, "fields": {"password": "pbkdf2_sha256$180000$Ba26JVMFigGL$ydrabHyHEv028fywxI3h2fsgWi3zr+I1jhHts8Hfmd4=", "last_login": "2020-02-08T12:03:08.999Z", "is_superuser": false, "first_name": "", "last_name": "", "is_staff": false, "is_active": true, "date_joined": "2020-02-08T12:02:28.360Z", "email": "picojazzz@gmail.com", "scoial": null, "phone": null, "address": null, "avatar": "", "bio": "", "user_type": "ST", "groups": [], "user_permissions": []}}, {"model": "users.customuser", "pk": 36, "fields": {"password": "pbkdf2_sha256$180000$JIeFyXZVTQu8$VtLWEVyVWYYCJfg5FoNOMNtZHOhon/zW47mUE74OgJU=", "last_login": "2020-02-20T17:44:51.076Z", "is_superuser": false, "first_name": "", "last_name": "", "is_staff": false, "is_active": true, "date_joined": "2020-02-20T17:43:10.179Z", "email": "diopmouhamed290@gmail.com", "scoial": null, "phone": null, "address": null, "avatar": "", "bio": "", "user_type": "ST", "groups": [], "user_permissions": []}}, {"model": "users.customuser", "pk": 37, "fields": {"password": "pbkdf2_sha256$180000$Z8MtWUXCS2j4$2w11I6v5069P3ED+l+S5TDzjCfGdDTKyr/LcbACbPHk=", "last_login": "2020-02-21T12:35:52.284Z", "is_superuser": false, "first_name": "", "last_name": "", "is_staff": false, "is_active": true, "date_joined": "2020-02-21T12:34:56.072Z", "email": "msouaiboukande@gmail.com", "scoial": null, "phone": null, "address": null, "avatar": "", "bio": "", "user_type": "ST", "groups": [], "user_permissions": []}}, {"model": "users.customuser", "pk": 38, "fields": {"password": "pbkdf2_sha256$180000$aGiIdUigQ7oD$CvrglxoFJjUONw2Dup/Of2oIe4JGkETQv7og6LEKMks=", "last_login": "2020-02-23T11:04:41.188Z", "is_superuser": false, "first_name": "", "last_name": "", "is_staff": false, "is_active": true, "date_joined": "2020-02-23T11:02:00.479Z", "email": "diorkama@gmail.com", "scoial": null, "phone": null, "address": null, "avatar": "", "bio": "", "user_type": "ST", "groups": [], "user_permissions": []}}, {"model": "users.customuser", "pk": 39, "fields": {"password": "pbkdf2_sha256$180000$kIREmWfW99oE$+RI/SuiVm94FV9LMUvKBLapnJ1tAcg2C5tbS0z3Nprs=", "last_login": "2020-02-23T16:18:22.192Z", "is_superuser": false, "first_name": "", "last_name": "", "is_staff": false, "is_active": true, "date_joined": "2020-02-23T16:17:30.445Z", "email": "khadimbodji7@gmail.com", "scoial": null, "phone": null, "address": null, "avatar": "", "bio": "", "user_type": "ST", "groups": [], "user_permissions": []}}, {"model": "users.customuser", "pk": 40, "fields": {"password": "pbkdf2_sha256$180000$MgUBFBzJBV7q$tMK0r0oNuiiGPGD7WKJh8+C/WwEmYXmv1EKGef+68Bw=", "last_login": null, "is_superuser": false, "first_name": "", "last_name": "", "is_staff": false, "is_active": true, "date_joined": "2020-02-25T20:34:29.514Z", "email": "csawib25@gmail.com", "scoial": null, "phone": null, "address": null, "avatar": "", "bio": "", "user_type": "ST", "groups": [], "user_permissions": []}}, {"model": "users.customuser", "pk": 41, "fields": {"password": "pbkdf2_sha256$180000$jmG9lx7xFphN$reHZWscY2gQLDDP6n8skYFI92o5V61JxHjVPn1wYK+w=", "last_login": "2020-02-29T13:06:55.931Z", "is_superuser": false, "first_name": "", "last_name": "", "is_staff": false, "is_active": true, "date_joined": "2020-02-29T11:39:22.597Z", "email": "Djibymbaye347@gmail.com", "scoial": null, "phone": null, "address": null, "avatar": "", "bio": "", "user_type": "ST", "groups": [], "user_permissions": []}}, {"model": "users.customuser", "pk": 42, "fields": {"password": "pbkdf2_sha256$180000$FPkEEkeilXd6$PzMIZv0z0ofQB3WdIy7pI6UTLfy+1pKpdorDqIuPtpA=", "last_login": "2020-02-29T13:55:17.209Z", "is_superuser": false, "first_name": "", "last_name": "", "is_staff": false, "is_active": true, "date_joined": "2020-02-29T13:54:43.801Z", "email": "99omar.niang@gmail.com", "scoial": null, "phone": null, "address": null, "avatar": "", "bio": "", "user_type": "ST", "groups": [], "user_permissions": []}}, {"model": "users.customuser", "pk": 43, "fields": {"password": "pbkdf2_sha256$180000$GNyoB1G9YgWt$9rcAwlXYVVBW2QxAAeQKPQC0lXL/FU1vKzeBJ90z+FY=", "last_login": null, "is_superuser": false, "first_name": "", "last_name": "", "is_staff": false, "is_active": true, "date_joined": "2020-03-02T10:49:16.089Z", "email": "fasambou2@gmail.com", "scoial": null, "phone": null, "address": null, "avatar": "", "bio": "", "user_type": "ST", "groups": [], "user_permissions": []}}, {"model": "users.customuser", "pk": 44, "fields": {"password": "pbkdf2_sha256$180000$aPEHLJ564gr2$FpdGxLlSc0EDZi7wn8KSRFBUSFQF8KqPGZUTrYfnXiU=", "last_login": "2020-03-03T07:42:08.517Z", "is_superuser": false, "first_name": "", "last_name": "", "is_staff": false, "is_active": true, "date_joined": "2020-03-02T16:11:19.623Z", "email": "yameogoali50@gmail.com", "scoial": null, "phone": null, "address": null, "avatar": "", "bio": "", "user_type": "ST", "groups": [], "user_permissions": []}}, {"model": "users.customuser", "pk": 45, "fields": {"password": "pbkdf2_sha256$180000$WdK6rN8qPAH7$UVkwFhk8fJKmaf7Y6LIGehkBKRo3py3EjvtCVw5jR8M=", "last_login": "2020-03-05T20:43:04.259Z", "is_superuser": false, "first_name": "", "last_name": "", "is_staff": false, "is_active": true, "date_joined": "2020-03-05T20:41:03.627Z", "email": "p.brossard77@gmail.com", "scoial": null, "phone": null, "address": null, "avatar": "", "bio": "", "user_type": "ST", "groups": [], "user_permissions": []}}, {"model": "users.customuser", "pk": 46, "fields": {"password": "pbkdf2_sha256$180000$gzKlWJqLe2Pi$7LMGCa6uWIA1ieu6j5LDtyyuYFe8Fsi5smA2AP2xuEE=", "last_login": null, "is_superuser": false, "first_name": "", "last_name": "", "is_staff": false, "is_active": true, "date_joined": "2020-03-14T16:50:14.382Z", "email": "amedediouf9@gmail.com", "scoial": null, "phone": null, "address": null, "avatar": "", "bio": "", "user_type": "ST", "groups": [], "user_permissions": []}}, {"model": "users.customuser", "pk": 47, "fields": {"password": "pbkdf2_sha256$180000$fkRWesocoXD4$KguGaNw3zBpgV8cqyH9R8iKF96ErqIPAPdb1PJkMcxk=", "last_login": "2020-03-15T23:59:21.664Z", "is_superuser": false, "first_name": "", "last_name": "", "is_staff": false, "is_active": true, "date_joined": "2020-03-15T23:58:54.735Z", "email": "diedhioubooga09@gmail.com", "scoial": null, "phone": null, "address": null, "avatar": "", "bio": "", "user_type": "ST", "groups": [], "user_permissions": []}}, {"model": "users.customuser", "pk": 48, "fields": {"password": "pbkdf2_sha256$180000$El9CcKVTfzg0$t66iJQoxZbRZc0y240gIKq2Z/zmiS8mfUSFhe10nf8M=", "last_login": null, "is_superuser": false, "first_name": "", "last_name": "", "is_staff": false, "is_active": true, "date_joined": "2020-03-16T14:24:45.748Z", "email": "ngone227@gmail.com", "scoial": null, "phone": null, "address": null, "avatar": "", "bio": "", "user_type": "ST", "groups": [], "user_permissions": []}}, {"model": "users.customuser", "pk": 49, "fields": {"password": "pbkdf2_sha256$180000$CgyqWr3tFORu$vidqvdaapsUgKKpVoNuJSmxs7RvkmgAlZcISt9GT9PU=", "last_login": null, "is_superuser": false, "first_name": "", "last_name": "", "is_staff": false, "is_active": true, "date_joined": "2020-03-16T15:08:00.699Z", "email": "mustafa6sse@gmail.com", "scoial": null, "phone": null, "address": null, "avatar": "", "bio": "", "user_type": "ST", "groups": [], "user_permissions": []}}, {"model": "users.customuser", "pk": 50, "fields": {"password": "pbkdf2_sha256$180000$8sbJozHNX2qi$YSjmPW4Bu8GBKLWSophiH6oOXdtOePtaCLQ3MyOWtxQ=", "last_login": "2020-03-16T15:14:56.466Z", "is_superuser": false, "first_name": "", "last_name": "", "is_staff": false, "is_active": true, "date_joined": "2020-03-16T15:13:14.254Z", "email": "limageume@gmail.com", "scoial": null, "phone": null, "address": null, "avatar": "", "bio": "", "user_type": "ST", "groups": [], "user_permissions": []}}, {"model": "users.customuser", "pk": 51, "fields": {"password": "pbkdf2_sha256$180000$TL0MZb15Ew9J$YQzO7iO1iMqOonXRNbl9N/feCbPsaPOqUNzUscYgJT8=", "last_login": "2020-03-18T10:26:22.338Z", "is_superuser": false, "first_name": "", "last_name": "", "is_staff": false, "is_active": true, "date_joined": "2020-03-16T15:13:16.826Z", "email": "biranenjaay@gmail.com", "scoial": null, "phone": null, "address": null, "avatar": "", "bio": "", "user_type": "ST", "groups": [], "user_permissions": []}}, {"model": "users.customuser", "pk": 52, "fields": {"password": "pbkdf2_sha256$180000$cNVgRoEV8q2j$a/2EODf3M5WMP15juog5xRngMCJ3TurkewPHNm1VBcs=", "last_login": "2020-04-23T11:12:21.290Z", "is_superuser": false, "first_name": "", "last_name": "", "is_staff": false, "is_active": true, "date_joined": "2020-03-22T22:10:39.776Z", "email": "mamadoundir2@gmail.com", "scoial": null, "phone": null, "address": null, "avatar": "", "bio": "", "user_type": "ST", "groups": [], "user_permissions": []}}, {"model": "users.customuser", "pk": 53, "fields": {"password": "pbkdf2_sha256$180000$9G4KBmabuETw$4LWLEacBlwgHo1J9l9lbk5c4fVTRR30XMobRlbPqZf0=", "last_login": "2020-03-25T01:04:11.686Z", "is_superuser": false, "first_name": "", "last_name": "", "is_staff": false, "is_active": true, "date_joined": "2020-03-23T17:06:12.727Z", "email": "bambaspoid@gmail.com", "scoial": null, "phone": null, "address": null, "avatar": "", "bio": "", "user_type": "ST", "groups": [], "user_permissions": []}}, {"model": "users.customuser", "pk": 54, "fields": {"password": "pbkdf2_sha256$180000$fy2SdToTKZnd$iTte38BwBT2ju4IaYZ1doWJxVOJ1+RxQkQPcFhXvUqk=", "last_login": "2020-03-29T02:40:30.051Z", "is_superuser": false, "first_name": "", "last_name": "", "is_staff": false, "is_active": true, "date_joined": "2020-03-29T02:40:12.438Z", "email": "diopy92@gmail.com", "scoial": null, "phone": null, "address": null, "avatar": "", "bio": "", "user_type": "ST", "groups": [], "user_permissions": []}}, {"model": "users.customuser", "pk": 55, "fields": {"password": "pbkdf2_sha256$180000$KrEKGGoR1F72$ltgmvbkcnZouEGdBk2DciBmvo/b59UIBBsr7t0YN94g=", "last_login": "2020-04-16T17:18:34.560Z", "is_superuser": false, "first_name": "Ousseynou", "last_name": "Diop", "is_staff": false, "is_active": true, "date_joined": "2020-03-31T22:51:57.729Z", "email": "ousseynou@ouicarry.com", "scoial": null, "phone": "+221779929952", "address": "Sicap Mbao Extension Villa 596", "avatar": "", "bio": "Hacker", "user_type": "ST", "groups": [], "user_permissions": []}}, {"model": "users.customuser", "pk": 56, "fields": {"password": "pbkdf2_sha256$180000$GmjPl2yUXA8E$9vWLQRhWtoFAOMgU9zgvqBKOusYAltEyh1BA3Zqrz3Y=", "last_login": "2020-04-01T20:55:47.796Z", "is_superuser": false, "first_name": "", "last_name": "", "is_staff": false, "is_active": true, "date_joined": "2020-04-01T18:56:26.000Z", "email": "fallfallou37@gmail.com", "scoial": null, "phone": null, "address": null, "avatar": "", "bio": "", "user_type": "ST", "groups": [], "user_permissions": []}}, {"model": "users.customuser", "pk": 57, "fields": {"password": "pbkdf2_sha256$180000$2cGdp5z1VhSH$MsC6hwUWTd0haQSsdKqrzshU4BZER4chUs64Mt1rDeU=", "last_login": "2020-04-07T00:20:50.862Z", "is_superuser": false, "first_name": "", "last_name": "", "is_staff": false, "is_active": true, "date_joined": "2020-04-07T00:20:41.842Z", "email": "mse@infodess.com", "scoial": null, "phone": null, "address": null, "avatar": "", "bio": "", "user_type": "ST", "groups": [], "user_permissions": []}}, {"model": "users.customuser", "pk": 58, "fields": {"password": "pbkdf2_sha256$180000$g2Kk9Wzmp2q3$JtACfyXY30OzYgr+PAWSZo7f6uymoXlDWaEblyZ4jx4=", "last_login": "2020-04-07T08:46:17.157Z", "is_superuser": false, "first_name": "", "last_name": "", "is_staff": false, "is_active": true, "date_joined": "2020-04-07T08:42:55.651Z", "email": "honorefare@gmail.com", "scoial": null, "phone": null, "address": null, "avatar": "", "bio": "", "user_type": "ST", "groups": [], "user_permissions": []}}, {"model": "users.customuser", "pk": 59, "fields": {"password": "pbkdf2_sha256$180000$PDcWQW2zZgxR$tlP8IBec85JwLjEMJUBOoUxDxDQgcW13fuZKtSaK2qU=", "last_login": "2020-04-07T19:44:36.788Z", "is_superuser": false, "first_name": "", "last_name": "", "is_staff": false, "is_active": true, "date_joined": "2020-04-07T19:42:49.768Z", "email": "boojuju379@gmail.com", "scoial": null, "phone": null, "address": null, "avatar": "", "bio": "", "user_type": "ST", "groups": [], "user_permissions": []}}, {"model": "users.customuser", "pk": 60, "fields": {"password": "pbkdf2_sha256$180000$Iesr0XrxLHsW$sLFBJO0jZ59yerbTT8WqcTWXDpubbHcXCynsOYBdlGk=", "last_login": null, "is_superuser": false, "first_name": "", "last_name": "", "is_staff": false, "is_active": true, "date_joined": "2020-04-12T20:31:01.449Z", "email": "bamahadiou@gmail.com", "scoial": null, "phone": null, "address": null, "avatar": "", "bio": "", "user_type": "ST", "groups": [], "user_permissions": []}}, {"model": "users.customuser", "pk": 61, "fields": {"password": "pbkdf2_sha256$180000$PWqSPErWVG9s$ygVrcODairqGxU2JTXWg5d2M0bxg/yMAfnEIenleYvk=", "last_login": null, "is_superuser": false, "first_name": "", "last_name": "", "is_staff": false, "is_active": true, "date_joined": "2020-04-12T20:34:35.139Z", "email": "ibk2gallo@gmail.com", "scoial": null, "phone": null, "address": null, "avatar": "", "bio": "", "user_type": "ST", "groups": [], "user_permissions": []}}, {"model": "users.customuser", "pk": 62, "fields": {"password": "pbkdf2_sha256$180000$OubHNCcJPkQV$Mf0P3ee31PqeueXjwIu3N0eZP9lgeWfpeEliijs4DME=", "last_login": null, "is_superuser": false, "first_name": "", "last_name": "", "is_staff": false, "is_active": true, "date_joined": "2020-04-12T20:35:22.548Z", "email": "aliounen28@gmail.com", "scoial": null, "phone": null, "address": null, "avatar": "", "bio": "", "user_type": "ST", "groups": [], "user_permissions": []}}, {"model": "users.customuser", "pk": 63, "fields": {"password": "pbkdf2_sha256$180000$POjiQHACJeHq$t88zjUiVD8dbCbgWMRLAG444zHShiyhuDlOIrkNbTvk=", "last_login": null, "is_superuser": false, "first_name": "", "last_name": "", "is_staff": false, "is_active": true, "date_joined": "2020-04-12T20:50:53.415Z", "email": "massambambaye95@gmail.com", "scoial": null, "phone": null, "address": null, "avatar": "", "bio": "", "user_type": "ST", "groups": [], "user_permissions": []}}, {"model": "users.customuser", "pk": 64, "fields": {"password": "pbkdf2_sha256$180000$qMHmBA7fLftX$JAh1rAeOmM/HpMsswi8FY0sB+i0LMbboz4AYv75czfw=", "last_login": null, "is_superuser": false, "first_name": "", "last_name": "", "is_staff": false, "is_active": true, "date_joined": "2020-04-12T20:51:57.952Z", "email": "lodiaa89@gmail.com", "scoial": null, "phone": null, "address": null, "avatar": "", "bio": "", "user_type": "ST", "groups": [], "user_permissions": []}}, {"model": "users.customuser", "pk": 65, "fields": {"password": "pbkdf2_sha256$180000$9kxptFyM4QED$z5fm6XJN8ahQiv5l894Tx/qCnCUm58IfLPsLRyqSfcc=", "last_login": null, "is_superuser": false, "first_name": "", "last_name": "", "is_staff": false, "is_active": true, "date_joined": "2020-04-12T20:52:30.693Z", "email": "mtall904@gmail.com", "scoial": null, "phone": null, "address": null, "avatar": "", "bio": "", "user_type": "ST", "groups": [], "user_permissions": []}}, {"model": "users.customuser", "pk": 66, "fields": {"password": "pbkdf2_sha256$180000$etp33mS5Tvh2$fUo0QfFn7Q6c/GaiGCGTW2mFFBMCxDvtM5lb0NJMQgI=", "last_login": null, "is_superuser": false, "first_name": "", "last_name": "", "is_staff": false, "is_active": true, "date_joined": "2020-04-12T20:53:16.446Z", "email": "Bn48915@gmail.com", "scoial": null, "phone": null, "address": null, "avatar": "", "bio": "", "user_type": "ST", "groups": [], "user_permissions": []}}, {"model": "users.customuser", "pk": 67, "fields": {"password": "pbkdf2_sha256$180000$GIz99TBPM8Pk$V+nfD0FgFptUbhLavtAPfhDxUgqaR3aUDLQX8yew/iw=", "last_login": null, "is_superuser": false, "first_name": "", "last_name": "", "is_staff": false, "is_active": true, "date_joined": "2020-04-12T20:53:39.448Z", "email": "josedacosta339@gmail.com", "scoial": null, "phone": null, "address": null, "avatar": "", "bio": "", "user_type": "ST", "groups": [], "user_permissions": []}}, {"model": "users.customuser", "pk": 68, "fields": {"password": "pbkdf2_sha256$180000$cHh4UjMOVr5B$/vk6v+p/cZke/+m2f7ptfeW15hkJChRffo2bAkOFy2s=", "last_login": "2020-04-12T21:10:34.220Z", "is_superuser": false, "first_name": "Mouna", "last_name": "Rassoul", "is_staff": false, "is_active": true, "date_joined": "2020-04-12T21:06:56.150Z", "email": "Sybarbie462@gmail.com", "scoial": null, "phone": null, "address": null, "avatar": "", "bio": "", "user_type": "ST", "groups": [], "user_permissions": []}}, {"model": "users.customuser", "pk": 69, "fields": {"password": "pbkdf2_sha256$180000$dEtgMcysHCEV$o0AHDcHyeSEtFhCFaKXgqWYQGxF2JkAKE1ZjK5EXfDQ=", "last_login": null, "is_superuser": false, "first_name": "", "last_name": "", "is_staff": false, "is_active": true, "date_joined": "2020-04-13T01:13:48.221Z", "email": "senetony24@gmail.com", "scoial": null, "phone": null, "address": null, "avatar": "", "bio": "", "user_type": "ST", "groups": [], "user_permissions": []}}, {"model": "users.customuser", "pk": 70, "fields": {"password": "pbkdf2_sha256$180000$qRazKA0Ya27R$SeUGwaBBsdqq2+baBLY3+LggjQaA3AcV5L4OxxWivBI=", "last_login": "2020-04-13T04:12:18.767Z", "is_superuser": false, "first_name": "", "last_name": "", "is_staff": false, "is_active": true, "date_joined": "2020-04-13T03:24:36.103Z", "email": "chrisk.kamanda@gmail.com", "scoial": null, "phone": null, "address": null, "avatar": "", "bio": "", "user_type": "ST", "groups": [], "user_permissions": []}}, {"model": "users.customuser", "pk": 71, "fields": {"password": "pbkdf2_sha256$180000$t6quqRFJ0zCD$/99uatXRfthHFwDc6dADFKRt+qYgrkqoUK8ZZ6E8AWw=", "last_login": "2020-04-13T10:08:41.498Z", "is_superuser": false, "first_name": "", "last_name": "", "is_staff": false, "is_active": true, "date_joined": "2020-04-13T10:08:22.361Z", "email": "musengakabongo@gmail.com", "scoial": null, "phone": null, "address": null, "avatar": "", "bio": "", "user_type": "ST", "groups": [], "user_permissions": []}}, {"model": "users.customuser", "pk": 72, "fields": {"password": "pbkdf2_sha256$180000$mqDm2lRiVGal$dTA0eupRH2byU+8fuEOPzJ6Gt0hccaziKv31UVea8Wg=", "last_login": "2020-04-13T16:13:11.403Z", "is_superuser": false, "first_name": "", "last_name": "", "is_staff": false, "is_active": true, "date_joined": "2020-04-13T16:12:40.342Z", "email": "niamebaye@gmail.com", "scoial": null, "phone": null, "address": null, "avatar": "", "bio": "", "user_type": "ST", "groups": [], "user_permissions": []}}, {"model": "users.customuser", "pk": 73, "fields": {"password": "pbkdf2_sha256$180000$UnTYmi4iUR8R$Jp1pKtyFnQSd3rf/mMB16bT/r6fNoS5hs9mAAHwPVVk=", "last_login": null, "is_superuser": false, "first_name": "", "last_name": "", "is_staff": false, "is_active": true, "date_joined": "2020-04-14T00:05:14.471Z", "email": "fallousmane162019@gmail.com", "scoial": null, "phone": null, "address": null, "avatar": "", "bio": "", "user_type": "ST", "groups": [], "user_permissions": []}}, {"model": "users.customuser", "pk": 74, "fields": {"password": "pbkdf2_sha256$180000$CrmawY2bSOXD$nK+zEuZR3LYJpIY0jtLuTWxYdNrkoVR9ILeg2OE33sI=", "last_login": "2020-04-14T04:47:49.516Z", "is_superuser": false, "first_name": "", "last_name": "", "is_staff": false, "is_active": true, "date_joined": "2020-04-14T04:47:45.363Z", "email": "papadiawara@hotmail.fr", "scoial": null, "phone": null, "address": null, "avatar": "", "bio": "", "user_type": "ST", "groups": [], "user_permissions": []}}, {"model": "users.customuser", "pk": 75, "fields": {"password": "pbkdf2_sha256$180000$JdKvtiQAJ6Q8$cz0icNJtsPUccPm0kvmmGNerbaicTZHb0HmYmc/6hUw=", "last_login": null, "is_superuser": false, "first_name": "", "last_name": "", "is_staff": false, "is_active": true, "date_joined": "2020-04-15T21:26:19.915Z", "email": "khadytoure272@gmail.com", "scoial": null, "phone": null, "address": null, "avatar": "", "bio": "", "user_type": "ST", "groups": [], "user_permissions": []}}, {"model": "users.customuser", "pk": 76, "fields": {"password": "pbkdf2_sha256$180000$eDBwOirPnyzM$/aM1BNH75DfkuQQW/B80kITm9q8eiPXn6Q6uF0Iuapw=", "last_login": "2020-04-16T00:11:59.314Z", "is_superuser": false, "first_name": "", "last_name": "", "is_staff": false, "is_active": true, "date_joined": "2020-04-16T00:11:41.671Z", "email": "misterdiallo1@gmail.com", "scoial": null, "phone": null, "address": null, "avatar": "", "bio": "", "user_type": "ST", "groups": [], "user_permissions": []}}, {"model": "users.customuser", "pk": 77, "fields": {"password": "pbkdf2_sha256$180000$w58TVtbO1a6p$dLKgXiRL4qpYWSwG7DRu90lNfpVxXNIJLwIsMlupBsc=", "last_login": "2020-04-16T00:55:31.968Z", "is_superuser": false, "first_name": "", "last_name": "", "is_staff": false, "is_active": true, "date_joined": "2020-04-16T00:53:59.110Z", "email": "assanemoussa24@gmail.com", "scoial": null, "phone": null, "address": null, "avatar": "", "bio": "", "user_type": "ST", "groups": [], "user_permissions": []}}, {"model": "users.customuser", "pk": 78, "fields": {"password": "pbkdf2_sha256$180000$t00B2Fqp25dQ$rp1k7+73zpgagIAN2ny3axMpb/E9CPcf+Pr/ZMrn18w=", "last_login": null, "is_superuser": false, "first_name": "", "last_name": "", "is_staff": false, "is_active": true, "date_joined": "2020-04-16T04:46:28.976Z", "email": "derisswvda@gmail.com", "scoial": null, "phone": null, "address": null, "avatar": "", "bio": "", "user_type": "ST", "groups": [], "user_permissions": []}}, {"model": "users.customuser", "pk": 79, "fields": {"password": "pbkdf2_sha256$180000$IUKKLg75RCxQ$msJq4M7Cqykf4b8NVFHx5dUs4y3c8d3vf7zSPRdGONI=", "last_login": "2020-04-18T08:37:51.240Z", "is_superuser": false, "first_name": "", "last_name": "", "is_staff": false, "is_active": true, "date_joined": "2020-04-18T08:35:55.125Z", "email": "ffan4229@gmail.com", "scoial": null, "phone": null, "address": null, "avatar": "", "bio": "", "user_type": "ST", "groups": [], "user_permissions": []}}, {"model": "users.customuser", "pk": 80, "fields": {"password": "pbkdf2_sha256$180000$C5KDTrE6eTdp$IiFljzvmzSrrCUQNFd3LNrYHk7b/yrM2xGd3tIkxaG8=", "last_login": "2020-04-20T12:32:49.600Z", "is_superuser": false, "first_name": "", "last_name": "", "is_staff": false, "is_active": true, "date_joined": "2020-04-20T10:55:25.300Z", "email": "dabi.tahar211979@gmail.com", "scoial": null, "phone": null, "address": null, "avatar": "", "bio": "", "user_type": "ST", "groups": [], "user_permissions": []}}, {"model": "users.customuser", "pk": 81, "fields": {"password": "pbkdf2_sha256$180000$HnvmaYT7VcGu$OCM/sV6sjtwkMOzlWzzitfmJpTVUqkiu87XfdyUjwCY=", "last_login": "2020-04-20T15:47:28.683Z", "is_superuser": false, "first_name": "", "last_name": "", "is_staff": false, "is_active": true, "date_joined": "2020-04-20T15:47:13.446Z", "email": "mbackembaye74@gmail.com", "scoial": null, "phone": null, "address": null, "avatar": "", "bio": "", "user_type": "ST", "groups": [], "user_permissions": []}}, {"model": "users.customuser", "pk": 82, "fields": {"password": "pbkdf2_sha256$180000$UKwMHD4Dib1U$Pd6o9BGEuYiSxhqy+mkDeHrh1LBYIERn4ebECXjyLEc=", "last_login": "2020-04-20T18:55:08.159Z", "is_superuser": false, "first_name": "", "last_name": "", "is_staff": false, "is_active": true, "date_joined": "2020-04-20T18:54:40.325Z", "email": "ndiayesangomar@gmail.com", "scoial": null, "phone": null, "address": null, "avatar": "", "bio": "", "user_type": "ST", "groups": [], "user_permissions": []}}, {"model": "users.customuser", "pk": 83, "fields": {"password": "pbkdf2_sha256$180000$8CAzJfJMKkcC$ehZUi5cA6jFcnhiUq5iIaRMBFSXnawuljNVT/BQZ3/g=", "last_login": "2020-04-20T20:35:10.809Z", "is_superuser": false, "first_name": "", "last_name": "", "is_staff": false, "is_active": true, "date_joined": "2020-04-20T20:34:55.317Z", "email": "sambaleye1511@hotmail.fr", "scoial": null, "phone": null, "address": null, "avatar": "", "bio": "", "user_type": "ST", "groups": [], "user_permissions": []}}, {"model": "users.customuser", "pk": 84, "fields": {"password": "pbkdf2_sha256$180000$9oTSRqh2lbKQ$Tqg0Enaa6zmW24Ih/BMFJDJtb1iKpZ7ClcGYmKtcZZw=", "last_login": null, "is_superuser": false, "first_name": "", "last_name": "", "is_staff": false, "is_active": true, "date_joined": "2020-04-20T20:48:33.838Z", "email": "allstarpapa@gmail.com", "scoial": null, "phone": null, "address": null, "avatar": "", "bio": "", "user_type": "ST", "groups": [], "user_permissions": []}}, {"model": "users.customuser", "pk": 85, "fields": {"password": "pbkdf2_sha256$180000$gXT7Q20RochW$gMCmg/4lSIigfwF0VUkRF8H4DPI3+TMaHbCJH+zlZZU=", "last_login": "2020-04-20T21:07:28.697Z", "is_superuser": false, "first_name": "", "last_name": "", "is_staff": false, "is_active": true, "date_joined": "2020-04-20T21:06:02.575Z", "email": "momaththiam0506@gmail.com", "scoial": null, "phone": null, "address": null, "avatar": "", "bio": "", "user_type": "ST", "groups": [], "user_permissions": []}}, {"model": "users.customuser", "pk": 86, "fields": {"password": "pbkdf2_sha256$180000$ff5DsFIExVqm$GaxmH2JUkycDJujSFVaWzWvKpL0JDlZRYcRXaCcIWzg=", "last_login": null, "is_superuser": false, "first_name": "", "last_name": "", "is_staff": false, "is_active": true, "date_joined": "2020-04-20T21:24:50.112Z", "email": "Aliounecissejc@gmail.com", "scoial": null, "phone": null, "address": null, "avatar": "", "bio": "", "user_type": "ST", "groups": [], "user_permissions": []}}, {"model": "users.customuser", "pk": 87, "fields": {"password": "pbkdf2_sha256$180000$wZSCseZuYaak$WRuwS4hNvW0vfpShbuARhLKP28d/zaAPATfg2L781uw=", "last_login": null, "is_superuser": false, "first_name": "", "last_name": "", "is_staff": false, "is_active": true, "date_joined": "2020-04-20T22:26:35.292Z", "email": "mamady.faty1@uvs.edu.sn", "scoial": null, "phone": null, "address": null, "avatar": "", "bio": "", "user_type": "ST", "groups": [], "user_permissions": []}}, {"model": "users.customuser", "pk": 88, "fields": {"password": "pbkdf2_sha256$180000$GgLn1oWhOtRk$Mi1oCn/jLTUa9XU8Y+HKI2L9fU45jtY1GbDkSsUqaBo=", "last_login": "2020-04-20T22:44:01.986Z", "is_superuser": false, "first_name": "", "last_name": "", "is_staff": false, "is_active": true, "date_joined": "2020-04-20T22:43:35.921Z", "email": "itrng@outlook.fr", "scoial": null, "phone": null, "address": null, "avatar": "", "bio": "", "user_type": "ST", "groups": [], "user_permissions": []}}, {"model": "users.customuser", "pk": 89, "fields": {"password": "pbkdf2_sha256$180000$r2MxkAtwEUUG$lEvOF5jIPxXbNeWeXK1nqntcxohkmqWl9KrU1pSAlM4=", "last_login": null, "is_superuser": false, "first_name": "", "last_name": "", "is_staff": false, "is_active": true, "date_joined": "2020-04-20T22:51:45.948Z", "email": "tandine94@gmail.com", "scoial": null, "phone": null, "address": null, "avatar": "", "bio": "", "user_type": "ST", "groups": [], "user_permissions": []}}, {"model": "users.customuser", "pk": 90, "fields": {"password": "pbkdf2_sha256$180000$pYjDUL3Mz569$NJk9i5XKQTjiuuKimRJQkWIdXJkGO6rB5HIrxgK6RHQ=", "last_login": "2020-04-20T23:02:06.533Z", "is_superuser": false, "first_name": "", "last_name": "", "is_staff": false, "is_active": true, "date_joined": "2020-04-20T23:01:46.196Z", "email": "azizdiagne89@gmail.com", "scoial": null, "phone": null, "address": null, "avatar": "", "bio": "", "user_type": "ST", "groups": [], "user_permissions": []}}, {"model": "users.customuser", "pk": 91, "fields": {"password": "pbkdf2_sha256$180000$X8TEcpTuBXI4$WltvnH9y9lYjw13ZwhqSsnchHZLNIWKOgjf2t1uM5fY=", "last_login": null, "is_superuser": false, "first_name": "", "last_name": "", "is_staff": false, "is_active": true, "date_joined": "2020-04-21T00:20:22.724Z", "email": "idrissadiagne55@gmail.com", "scoial": null, "phone": null, "address": null, "avatar": "", "bio": "", "user_type": "ST", "groups": [], "user_permissions": []}}, {"model": "users.customuser", "pk": 92, "fields": {"password": "pbkdf2_sha256$180000$1ZIYaN3RjIKC$2y8xI97o9ku0kxzT+lPOPcvE4u+LZCkWWcF8YdfuXik=", "last_login": "2020-04-21T00:55:37.324Z", "is_superuser": false, "first_name": "", "last_name": "", "is_staff": false, "is_active": true, "date_joined": "2020-04-21T00:55:13.853Z", "email": "bayefalldia36499125@gmail.com", "scoial": null, "phone": null, "address": null, "avatar": "", "bio": "", "user_type": "ST", "groups": [], "user_permissions": []}}, {"model": "users.customuser", "pk": 93, "fields": {"password": "pbkdf2_sha256$180000$BCo9z2NrZT9L$4XAk46MEYhA4bYn1xFdoOXGaVImwLuMTjEtuwEE6MmI=", "last_login": "2020-04-21T00:56:28.711Z", "is_superuser": false, "first_name": "", "last_name": "", "is_staff": false, "is_active": true, "date_joined": "2020-04-21T00:55:51.236Z", "email": "mamoune044@gmail.com", "scoial": null, "phone": null, "address": null, "avatar": "", "bio": "", "user_type": "ST", "groups": [], "user_permissions": []}}, {"model": "users.customuser", "pk": 94, "fields": {"password": "pbkdf2_sha256$180000$rVegYIgE5Pod$Zzbh8/oXWpLlKX9Cmjbm1ohoFkm7ZfiCZI6y09EBZvE=", "last_login": null, "is_superuser": false, "first_name": "", "last_name": "", "is_staff": false, "is_active": true, "date_joined": "2020-04-21T01:52:15.058Z", "email": "matythiam230@gmail.com", "scoial": null, "phone": null, "address": null, "avatar": "", "bio": "", "user_type": "ST", "groups": [], "user_permissions": []}}, {"model": "users.customuser", "pk": 95, "fields": {"password": "pbkdf2_sha256$180000$W7jyTFdShJkg$MPVMOTiHmEOX19tNYSzaqAkga1wKaIG8MnLOBcE+k/8=", "last_login": "2020-04-21T04:56:42.484Z", "is_superuser": false, "first_name": "", "last_name": "", "is_staff": false, "is_active": true, "date_joined": "2020-04-21T04:54:36.159Z", "email": "bakhalifakb8@gmail.com", "scoial": null, "phone": null, "address": null, "avatar": "", "bio": "", "user_type": "ST", "groups": [], "user_permissions": []}}, {"model": "users.customuser", "pk": 96, "fields": {"password": "pbkdf2_sha256$180000$aeHIP6z0S1B7$+JBRAicyXaanD55X/8Fd3jFJVqMTwVSPg7DGGkkb/zY=", "last_login": "2020-04-21T06:51:00.070Z", "is_superuser": false, "first_name": "", "last_name": "", "is_staff": false, "is_active": true, "date_joined": "2020-04-21T06:50:14.424Z", "email": "biranendiaye43@gmail.com", "scoial": null, "phone": null, "address": null, "avatar": "", "bio": "", "user_type": "ST", "groups": [], "user_permissions": []}}, {"model": "users.customuser", "pk": 97, "fields": {"password": "pbkdf2_sha256$180000$JqLzh6EtNggt$TW+LGPtTsrD2MFlOIkkMxEnACy0eHGYMfPIgUX3dduM=", "last_login": null, "is_superuser": false, "first_name": "", "last_name": "", "is_staff": false, "is_active": true, "date_joined": "2020-04-21T10:24:12.944Z", "email": "mamadou8942@gmail.com", "scoial": null, "phone": null, "address": null, "avatar": "", "bio": "", "user_type": "ST", "groups": [], "user_permissions": []}}, {"model": "users.customuser", "pk": 98, "fields": {"password": "pbkdf2_sha256$180000$06Vtzw1S40tz$TeJ5hvDP8yEvWDVgIwYwhg+KwVT4BBZAZ1CJalRFX2I=", "last_login": "2020-04-21T12:02:21.185Z", "is_superuser": false, "first_name": "", "last_name": "", "is_staff": false, "is_active": true, "date_joined": "2020-04-21T11:56:00.701Z", "email": "sagna90lamine@gmail.com", "scoial": null, "phone": null, "address": null, "avatar": "", "bio": "", "user_type": "ST", "groups": [], "user_permissions": []}}, {"model": "users.customuser", "pk": 99, "fields": {"password": "pbkdf2_sha256$180000$JWVDJ0WJhX1d$SFC/HjS/lRWcZY+bhBHIpADtfwA2jEHEBVrED3CCFeU=", "last_login": "2020-04-21T12:19:12.383Z", "is_superuser": false, "first_name": "", "last_name": "", "is_staff": false, "is_active": true, "date_joined": "2020-04-21T12:18:28.821Z", "email": "dembasy939@gmail.com", "scoial": null, "phone": null, "address": null, "avatar": "", "bio": "", "user_type": "ST", "groups": [], "user_permissions": []}}, {"model": "users.customuser", "pk": 100, "fields": {"password": "pbkdf2_sha256$180000$BJqpvUjg1rqU$wQ7W+PR9Ki46Y6EW6eeWmgzybHgr16F0cGIH+FI75B4=", "last_login": "2020-04-21T15:33:05.370Z", "is_superuser": false, "first_name": "", "last_name": "", "is_staff": false, "is_active": true, "date_joined": "2020-04-21T15:32:09.616Z", "email": "daniba532@gmail.com", "scoial": null, "phone": null, "address": null, "avatar": "", "bio": "", "user_type": "ST", "groups": [], "user_permissions": []}}, {"model": "users.customuser", "pk": 101, "fields": {"password": "pbkdf2_sha256$180000$47nPea4wRTjG$e2KeV1XVCcE4j3rq7yV/gNZWTYz/iEF7EGTfcaijBYI=", "last_login": "2020-04-22T05:28:13.739Z", "is_superuser": false, "first_name": "", "last_name": "", "is_staff": false, "is_active": true, "date_joined": "2020-04-21T15:33:29.249Z", "email": "ablayediop53@gmail.com", "scoial": null, "phone": null, "address": null, "avatar": "", "bio": "", "user_type": "ST", "groups": [], "user_permissions": []}}, {"model": "users.customuser", "pk": 102, "fields": {"password": "pbkdf2_sha256$180000$VUanMkN2sRQP$BfjSM1Fd7shEZ3B7J9t33WJCeye45tyWXuixkNVkp9c=", "last_login": "2020-04-21T16:19:15.018Z", "is_superuser": false, "first_name": "", "last_name": "", "is_staff": false, "is_active": true, "date_joined": "2020-04-21T16:18:10.143Z", "email": "sodathiam048@gmail.com", "scoial": null, "phone": null, "address": null, "avatar": "", "bio": "", "user_type": "ST", "groups": [], "user_permissions": []}}, {"model": "users.customuser", "pk": 103, "fields": {"password": "pbkdf2_sha256$180000$vZMZRueDfk7T$Flb/0GPg0HIaflG4CnW+40UeFx/2DLhhqheDywjyp5w=", "last_login": "2020-04-21T19:40:56.187Z", "is_superuser": false, "first_name": "", "last_name": "", "is_staff": false, "is_active": true, "date_joined": "2020-04-21T19:40:18.725Z", "email": "seckmatar9521@gmail.com", "scoial": null, "phone": null, "address": null, "avatar": "", "bio": "", "user_type": "ST", "groups": [], "user_permissions": []}}, {"model": "users.customuser", "pk": 104, "fields": {"password": "pbkdf2_sha256$180000$5Sv9zoz883u3$1cZwHRZTaHtFPRExLjAmWV6rLBoHIN7ynfke8XdMu1o=", "last_login": "2020-04-22T01:09:46.516Z", "is_superuser": false, "first_name": "", "last_name": "", "is_staff": false, "is_active": true, "date_joined": "2020-04-22T01:09:37.242Z", "email": "rbmdesenvolvimento@gmail.com", "scoial": null, "phone": null, "address": null, "avatar": "", "bio": "", "user_type": "ST", "groups": [], "user_permissions": []}}, {"model": "users.customuser", "pk": 105, "fields": {"password": "pbkdf2_sha256$180000$JICqexyoJ3dN$UY0DiuDumn8vGD6+lFj/nP0djoMIWa1iXHsRP2mclO4=", "last_login": "2020-04-22T04:02:55.293Z", "is_superuser": false, "first_name": "", "last_name": "", "is_staff": false, "is_active": true, "date_joined": "2020-04-22T04:01:09.513Z", "email": "baomarpascal@gmail.com", "scoial": null, "phone": null, "address": null, "avatar": "", "bio": "", "user_type": "ST", "groups": [], "user_permissions": []}}, {"model": "users.customuser", "pk": 106, "fields": {"password": "pbkdf2_sha256$180000$5FmmrHlvLNH0$JwxPUZmlmMh7L4CgkAsClb/bNtihQuvQ2rJ6syIH0pE=", "last_login": "2020-04-23T18:14:24.890Z", "is_superuser": false, "first_name": "", "last_name": "", "is_staff": false, "is_active": true, "date_joined": "2020-04-23T18:14:01.075Z", "email": "sambasallah10@gmail.com", "scoial": null, "phone": null, "address": null, "avatar": "", "bio": "", "user_type": "ST", "groups": [], "user_permissions": []}}, {"model": "users.customuser", "pk": 107, "fields": {"password": "pbkdf2_sha256$180000$LsHrIB7paE3t$qliYtNqfzb20UbbVI0KrAaFdv+SAh3eDvcVEwqLqSgY=", "last_login": "2020-04-24T04:24:26.140Z", "is_superuser": false, "first_name": "", "last_name": "", "is_staff": false, "is_active": true, "date_joined": "2020-04-24T04:23:40.721Z", "email": "sadaanne95@gmail.com", "scoial": null, "phone": null, "address": null, "avatar": "", "bio": "", "user_type": "ST", "groups": [], "user_permissions": []}}, {"model": "users.customuser", "pk": 108, "fields": {"password": "pbkdf2_sha256$180000$on9F9ZFi7nyi$/5bnUF5agWc5q25dMnhqWyKDbStE32El+dlheaJMdK0=", "last_login": "2020-04-25T11:20:42.562Z", "is_superuser": false, "first_name": "", "last_name": "", "is_staff": false, "is_active": true, "date_joined": "2020-04-25T09:09:28.691Z", "email": "tourebadev@gmail.com", "scoial": null, "phone": null, "address": null, "avatar": "", "bio": "", "user_type": "ST", "groups": [], "user_permissions": []}}, {"model": "userlogs.userlog", "pk": 1, "fields": {"action": "Created account", "created_at": "2020-04-13T03:24:36.765Z", "is_active": true, "user_type": "ST", "user": 70}}, {"model": "userlogs.userlog", "pk": 2, "fields": {"action": "Enrolled Apprendre Django course", "created_at": "2020-04-13T03:25:52.568Z", "is_active": true, "user_type": "Student", "user": 70}}, {"model": "userlogs.userlog", "pk": 3, "fields": {"action": "Enrolled Python Crash Course - Apprendre Python course", "created_at": "2020-04-13T03:33:54.163Z", "is_active": true, "user_type": "Student", "user": 70}}, {"model": "userlogs.userlog", "pk": 4, "fields": {"action": "Enrolled Apprendre Flask course", "created_at": "2020-04-13T03:36:31.857Z", "is_active": true, "user_type": "Student", "user": 70}}, {"model": "userlogs.userlog", "pk": 5, "fields": {"action": "Enrolled Cr\u00e9er votre premier site internet course", "created_at": "2020-04-13T03:40:47.426Z", "is_active": true, "user_type": "Student", "user": 70}}, {"model": "userlogs.userlog", "pk": 6, "fields": {"action": "Enrolled Python pour les d\u00e9butants course", "created_at": "2020-04-13T06:24:36.844Z", "is_active": true, "user_type": "Student", "user": 70}}, {"model": "userlogs.userlog", "pk": 7, "fields": {"action": "Created account", "created_at": "2020-04-13T10:08:23.018Z", "is_active": true, "user_type": "ST", "user": 71}}, {"model": "userlogs.userlog", "pk": 8, "fields": {"action": "Enrolled Apprendre Django course", "created_at": "2020-04-13T10:08:41.768Z", "is_active": true, "user_type": "Student", "user": 71}}, {"model": "userlogs.userlog", "pk": 9, "fields": {"action": "Created account", "created_at": "2020-04-13T16:12:40.948Z", "is_active": true, "user_type": "ST", "user": 72}}, {"model": "userlogs.userlog", "pk": 10, "fields": {"action": "Created account", "created_at": "2020-04-14T00:05:15.067Z", "is_active": true, "user_type": "ST", "user": 73}}, {"model": "userlogs.userlog", "pk": 11, "fields": {"action": "Created account", "created_at": "2020-04-14T04:47:45.874Z", "is_active": true, "user_type": "ST", "user": 74}}, {"model": "userlogs.userlog", "pk": 12, "fields": {"action": "Enrolled Apprendre Django course", "created_at": "2020-04-14T04:47:49.778Z", "is_active": true, "user_type": "Student", "user": 74}}, {"model": "userlogs.userlog", "pk": 13, "fields": {"action": "djweuze@gmail.comHave problem to login", "created_at": "2020-04-14T19:07:12.374Z", "is_active": true, "user_type": "None", "user": null}}, {"model": "userlogs.userlog", "pk": 14, "fields": {"action": "Enrolled Cr\u00e9er votre premier site internet course", "created_at": "2020-04-15T12:59:26.066Z", "is_active": true, "user_type": "Student", "user": 1}}, {"model": "userlogs.userlog", "pk": 15, "fields": {"action": "Created account", "created_at": "2020-04-15T21:26:20.544Z", "is_active": true, "user_type": "ST", "user": 75}}, {"model": "userlogs.userlog", "pk": 16, "fields": {"action": "Created account", "created_at": "2020-04-16T00:11:42.284Z", "is_active": true, "user_type": "ST", "user": 76}}, {"model": "userlogs.userlog", "pk": 17, "fields": {"action": "Created account", "created_at": "2020-04-16T00:53:59.677Z", "is_active": true, "user_type": "ST", "user": 77}}, {"model": "userlogs.userlog", "pk": 18, "fields": {"action": "Enrolled Python Crash Course - Apprendre Python course", "created_at": "2020-04-16T00:54:06.981Z", "is_active": true, "user_type": "Student", "user": 77}}, {"model": "userlogs.userlog", "pk": 19, "fields": {"action": "Created account", "created_at": "2020-04-16T04:46:29.633Z", "is_active": true, "user_type": "ST", "user": 78}}, {"model": "userlogs.userlog", "pk": 20, "fields": {"action": "derisswvde@gmail.comHave problem to login", "created_at": "2020-04-16T04:47:44.920Z", "is_active": true, "user_type": "None", "user": null}}, {"model": "userlogs.userlog", "pk": 21, "fields": {"action": "Created account", "created_at": "2020-04-18T08:35:56.099Z", "is_active": true, "user_type": "ST", "user": 79}}, {"model": "userlogs.userlog", "pk": 22, "fields": {"action": "Enrolled Python Crash Course - Apprendre Python course", "created_at": "2020-04-18T08:38:40.145Z", "is_active": true, "user_type": "Student", "user": 79}}, {"model": "userlogs.userlog", "pk": 23, "fields": {"action": "Created account", "created_at": "2020-04-20T10:55:26.080Z", "is_active": true, "user_type": "ST", "user": 80}}, {"model": "userlogs.userlog", "pk": 24, "fields": {"action": "mormbathie98@gmail.com Have problem to login", "created_at": "2020-04-20T15:39:06.480Z", "is_active": true, "user_type": "None", "user": null}}, {"model": "userlogs.userlog", "pk": 25, "fields": {"action": "mormbathie98@gmail.com Have problem to login", "created_at": "2020-04-20T15:39:24.913Z", "is_active": true, "user_type": "None", "user": null}}, {"model": "userlogs.userlog", "pk": 26, "fields": {"action": "mormbathie98@gmail.com Have problem to login", "created_at": "2020-04-20T15:39:36.020Z", "is_active": true, "user_type": "None", "user": null}}, {"model": "userlogs.userlog", "pk": 27, "fields": {"action": "Created account", "created_at": "2020-04-20T15:47:14.100Z", "is_active": true, "user_type": "ST", "user": 81}}, {"model": "userlogs.userlog", "pk": 28, "fields": {"action": "Enrolled Cr\u00e9er votre premier site internet course", "created_at": "2020-04-20T15:47:29.089Z", "is_active": true, "user_type": "Student", "user": 81}}, {"model": "userlogs.userlog", "pk": 29, "fields": {"action": "ndiayesangomar@gmail.com Have problem to login", "created_at": "2020-04-20T18:48:18.273Z", "is_active": true, "user_type": "None", "user": null}}, {"model": "userlogs.userlog", "pk": 30, "fields": {"action": "ndiayesangomar@gmail.com Have problem to login", "created_at": "2020-04-20T18:48:46.420Z", "is_active": true, "user_type": "None", "user": null}}, {"model": "userlogs.userlog", "pk": 31, "fields": {"action": "Created account", "created_at": "2020-04-20T18:54:41.102Z", "is_active": true, "user_type": "ST", "user": 82}}, {"model": "userlogs.userlog", "pk": 32, "fields": {"action": "Enrolled Cr\u00e9er votre premier site internet course", "created_at": "2020-04-20T18:55:09.896Z", "is_active": true, "user_type": "Student", "user": 82}}, {"model": "userlogs.userlog", "pk": 33, "fields": {"action": "Enrolled Apprendre Flask course", "created_at": "2020-04-20T19:02:32.350Z", "is_active": true, "user_type": "Student", "user": 1}}, {"model": "userlogs.userlog", "pk": 34, "fields": {"action": "Created account", "created_at": "2020-04-20T20:34:55.964Z", "is_active": true, "user_type": "ST", "user": 83}}, {"model": "userlogs.userlog", "pk": 35, "fields": {"action": "Enrolled Cr\u00e9er votre premier site internet course", "created_at": "2020-04-20T20:35:11.137Z", "is_active": true, "user_type": "Student", "user": 83}}, {"model": "userlogs.userlog", "pk": 36, "fields": {"action": "Created account", "created_at": "2020-04-20T20:48:34.515Z", "is_active": true, "user_type": "ST", "user": 84}}, {"model": "userlogs.userlog", "pk": 37, "fields": {"action": "Created account", "created_at": "2020-04-20T21:06:03.161Z", "is_active": true, "user_type": "ST", "user": 85}}, {"model": "userlogs.userlog", "pk": 38, "fields": {"action": "Enrolled Apprendre Flask course", "created_at": "2020-04-20T21:10:50.910Z", "is_active": true, "user_type": "Student", "user": 85}}, {"model": "userlogs.userlog", "pk": 39, "fields": {"action": "Created account", "created_at": "2020-04-20T21:24:50.691Z", "is_active": true, "user_type": "ST", "user": 86}}, {"model": "userlogs.userlog", "pk": 40, "fields": {"action": "Created account", "created_at": "2020-04-20T22:26:35.852Z", "is_active": true, "user_type": "ST", "user": 87}}, {"model": "userlogs.userlog", "pk": 41, "fields": {"action": "Created account", "created_at": "2020-04-20T22:43:36.501Z", "is_active": true, "user_type": "ST", "user": 88}}, {"model": "userlogs.userlog", "pk": 42, "fields": {"action": "Enrolled Cr\u00e9er votre premier site internet course", "created_at": "2020-04-20T22:44:02.506Z", "is_active": true, "user_type": "Student", "user": 88}}, {"model": "userlogs.userlog", "pk": 43, "fields": {"action": "Created account", "created_at": "2020-04-20T22:51:46.520Z", "is_active": true, "user_type": "ST", "user": 89}}, {"model": "userlogs.userlog", "pk": 44, "fields": {"action": "Created account", "created_at": "2020-04-20T23:01:46.770Z", "is_active": true, "user_type": "ST", "user": 90}}, {"model": "userlogs.userlog", "pk": 45, "fields": {"action": "Enrolled Apprendre Django course", "created_at": "2020-04-20T23:02:06.989Z", "is_active": true, "user_type": "Student", "user": 90}}, {"model": "userlogs.userlog", "pk": 46, "fields": {"action": "bacarysane@uvs.edu.sn Have problem to login", "created_at": "2020-04-20T23:13:40.650Z", "is_active": true, "user_type": "None", "user": null}}, {"model": "userlogs.userlog", "pk": 47, "fields": {"action": "bacarysane@uvs.edu.sn Have problem to login", "created_at": "2020-04-20T23:14:44.195Z", "is_active": true, "user_type": "None", "user": null}}, {"model": "userlogs.userlog", "pk": 48, "fields": {"action": "bamatyba@gmail.col Have problem to login", "created_at": "2020-04-20T23:20:52.891Z", "is_active": true, "user_type": "None", "user": null}}, {"model": "userlogs.userlog", "pk": 49, "fields": {"action": "bamatyba@gmail.com Have problem to login", "created_at": "2020-04-20T23:21:24.784Z", "is_active": true, "user_type": "None", "user": null}}, {"model": "userlogs.userlog", "pk": 50, "fields": {"action": "Created account", "created_at": "2020-04-21T00:20:23.262Z", "is_active": true, "user_type": "ST", "user": 91}}, {"model": "userlogs.userlog", "pk": 51, "fields": {"action": "Created account", "created_at": "2020-04-21T00:55:14.429Z", "is_active": true, "user_type": "ST", "user": 92}}, {"model": "userlogs.userlog", "pk": 52, "fields": {"action": "Enrolled Python Crash Course - Apprendre Python course", "created_at": "2020-04-21T00:55:38.155Z", "is_active": true, "user_type": "Student", "user": 92}}, {"model": "userlogs.userlog", "pk": 53, "fields": {"action": "Created account", "created_at": "2020-04-21T00:55:51.741Z", "is_active": true, "user_type": "ST", "user": 93}}, {"model": "userlogs.userlog", "pk": 54, "fields": {"action": "Enrolled Cr\u00e9er votre premier site internet course", "created_at": "2020-04-21T01:09:02.906Z", "is_active": true, "user_type": "Student", "user": 92}}, {"model": "userlogs.userlog", "pk": 55, "fields": {"action": "Created account", "created_at": "2020-04-21T01:52:15.722Z", "is_active": true, "user_type": "ST", "user": 94}}, {"model": "userlogs.userlog", "pk": 56, "fields": {"action": "Created account", "created_at": "2020-04-21T04:54:36.724Z", "is_active": true, "user_type": "ST", "user": 95}}, {"model": "userlogs.userlog", "pk": 57, "fields": {"action": "bakhalifakb8@gmail.com Have problem to login", "created_at": "2020-04-21T04:56:22.977Z", "is_active": true, "user_type": "None", "user": null}}, {"model": "userlogs.userlog", "pk": 58, "fields": {"action": "Created account", "created_at": "2020-04-21T06:50:15.049Z", "is_active": true, "user_type": "ST", "user": 96}}, {"model": "userlogs.userlog", "pk": 59, "fields": {"action": "Created account", "created_at": "2020-04-21T10:24:14.205Z", "is_active": true, "user_type": "ST", "user": 97}}, {"model": "userlogs.userlog", "pk": 60, "fields": {"action": "Created account", "created_at": "2020-04-21T11:56:01.277Z", "is_active": true, "user_type": "ST", "user": 98}}, {"model": "userlogs.userlog", "pk": 61, "fields": {"action": "Enrolled Apprendre Flask course", "created_at": "2020-04-21T11:56:21.045Z", "is_active": true, "user_type": "Student", "user": 98}}, {"model": "userlogs.userlog", "pk": 62, "fields": {"action": "Enrolled Apprendre Django course", "created_at": "2020-04-21T12:07:33.448Z", "is_active": true, "user_type": "Student", "user": 98}}, {"model": "userlogs.userlog", "pk": 63, "fields": {"action": "Created account", "created_at": "2020-04-21T12:18:29.806Z", "is_active": true, "user_type": "ST", "user": 99}}, {"model": "userlogs.userlog", "pk": 64, "fields": {"action": "dembasy939@gmail.com Have problem to login", "created_at": "2020-04-21T12:18:48.016Z", "is_active": true, "user_type": "None", "user": null}}, {"model": "userlogs.userlog", "pk": 65, "fields": {"action": "Enrolled Apprendre Flask course", "created_at": "2020-04-21T12:19:12.690Z", "is_active": true, "user_type": "Student", "user": 99}}, {"model": "userlogs.userlog", "pk": 66, "fields": {"action": "Created account", "created_at": "2020-04-21T15:32:10.175Z", "is_active": true, "user_type": "ST", "user": 100}}, {"model": "userlogs.userlog", "pk": 67, "fields": {"action": "ablayediop53@gmail.com Have problem to login", "created_at": "2020-04-21T15:32:54.124Z", "is_active": true, "user_type": "None", "user": null}}, {"model": "userlogs.userlog", "pk": 68, "fields": {"action": "Created account", "created_at": "2020-04-21T15:33:29.812Z", "is_active": true, "user_type": "ST", "user": 101}}, {"model": "userlogs.userlog", "pk": 69, "fields": {"action": "Enrolled Cr\u00e9er votre premier site internet course", "created_at": "2020-04-21T15:33:49.276Z", "is_active": true, "user_type": "Student", "user": 101}}, {"model": "userlogs.userlog", "pk": 70, "fields": {"action": "Enrolled Python Crash Course - Apprendre Python course", "created_at": "2020-04-21T15:35:00.874Z", "is_active": true, "user_type": "Student", "user": 101}}, {"model": "userlogs.userlog", "pk": 71, "fields": {"action": "Created account", "created_at": "2020-04-21T16:18:10.779Z", "is_active": true, "user_type": "ST", "user": 102}}, {"model": "userlogs.userlog", "pk": 72, "fields": {"action": "Created account", "created_at": "2020-04-21T19:40:21.028Z", "is_active": true, "user_type": "ST", "user": 103}}, {"model": "userlogs.userlog", "pk": 73, "fields": {"action": "mamgnilu@gmail.com Have problem to login", "created_at": "2020-04-22T01:03:42.358Z", "is_active": true, "user_type": "None", "user": null}}, {"model": "userlogs.userlog", "pk": 74, "fields": {"action": "Created account", "created_at": "2020-04-22T01:09:38.308Z", "is_active": true, "user_type": "ST", "user": 104}}, {"model": "userlogs.userlog", "pk": 75, "fields": {"action": "Enrolled Apprendre Django course", "created_at": "2020-04-22T01:09:47.580Z", "is_active": true, "user_type": "Student", "user": 104}}, {"model": "userlogs.userlog", "pk": 76, "fields": {"action": "Enrolled Python Crash Course - Apprendre Python course", "created_at": "2020-04-22T01:41:09.528Z", "is_active": true, "user_type": "Student", "user": 93}}, {"model": "userlogs.userlog", "pk": 77, "fields": {"action": "Created account", "created_at": "2020-04-22T04:01:10.863Z", "is_active": true, "user_type": "ST", "user": 105}}, {"model": "userlogs.userlog", "pk": 78, "fields": {"action": "Enrolled Cr\u00e9er votre premier site internet course", "created_at": "2020-04-22T04:02:55.791Z", "is_active": true, "user_type": "Student", "user": 105}}, {"model": "userlogs.userlog", "pk": 79, "fields": {"action": "Enrolled Python Crash Course - Apprendre Python course", "created_at": "2020-04-22T10:40:57.519Z", "is_active": true, "user_type": "Student", "user": 98}}, {"model": "userlogs.userlog", "pk": 80, "fields": {"action": "Enrolled Cr\u00e9er votre premier site internet course", "created_at": "2020-04-22T12:01:16.408Z", "is_active": true, "user_type": "Student", "user": 98}}, {"model": "userlogs.userlog", "pk": 81, "fields": {"action": "braneseye97@gmail.com Have problem to login", "created_at": "2020-04-22T12:15:02.013Z", "is_active": true, "user_type": "None", "user": null}}, {"model": "userlogs.userlog", "pk": 82, "fields": {"action": "ahmeth.amar@gmail.com Have problem to login", "created_at": "2020-04-23T02:32:27.427Z", "is_active": true, "user_type": "None", "user": null}}, {"model": "userlogs.userlog", "pk": 83, "fields": {"action": "Created account", "created_at": "2020-04-23T18:14:02.379Z", "is_active": true, "user_type": "ST", "user": 106}}, {"model": "userlogs.userlog", "pk": 84, "fields": {"action": "Enrolled Python Crash Course - Apprendre Python course", "created_at": "2020-04-23T18:14:50.343Z", "is_active": true, "user_type": "Student", "user": 106}}, {"model": "userlogs.userlog", "pk": 85, "fields": {"action": "Created account", "created_at": "2020-04-24T04:23:41.254Z", "is_active": true, "user_type": "ST", "user": 107}}, {"model": "userlogs.userlog", "pk": 86, "fields": {"action": "Papemamadoufall1995@gmail.com Have problem to login", "created_at": "2020-04-24T14:02:31.987Z", "is_active": true, "user_type": "None", "user": null}}, {"model": "userlogs.userlog", "pk": 87, "fields": {"action": "Papemamadoufall1995@gmail.com Have problem to login", "created_at": "2020-04-24T14:02:49.389Z", "is_active": true, "user_type": "None", "user": null}}, {"model": "userlogs.userlog", "pk": 88, "fields": {"action": "Papemamadoufall1995@gmail.com Have problem to login", "created_at": "2020-04-24T14:03:06.663Z", "is_active": true, "user_type": "None", "user": null}}, {"model": "userlogs.userlog", "pk": 89, "fields": {"action": "Papemamadoufall1995@gmail.com Have problem to login", "created_at": "2020-04-24T14:03:42.528Z", "is_active": true, "user_type": "None", "user": null}}, {"model": "userlogs.userlog", "pk": 90, "fields": {"action": "Papemamadoufall1995@gmail.com Have problem to login", "created_at": "2020-04-24T14:03:53.208Z", "is_active": true, "user_type": "None", "user": null}}, {"model": "userlogs.userlog", "pk": 91, "fields": {"action": "Created account", "created_at": "2020-04-25T09:09:29.951Z", "is_active": true, "user_type": "ST", "user": 108}}, {"model": "course.course", "pk": 1, "fields": {"title": "Python pour les d\u00e9butants", "description": "Python pour les d\u00e9butants", "is_free": true, "price": "0.00", "level": "D\u00e9butant", "featured": false, "slug": "python-pour-les-debutants", "thumbnail": "4737095287690/4737095287690.jpeg", "teacher": 1, "date_created": "2019-09-29T23:27:55.331Z", "language": 1, "drafted": false, "published": false, "students": [1, 14, 15, 16, 17, 18, 22, 70], "categories": [1, 2]}}, {"model": "course.course", "pk": 2, "fields": {"title": "Cr\u00e9er votre premier site internet", "description": "Dans cette formation nous allons cr\u00e9er notre premier site internet.", "is_free": true, "price": "0.00", "level": "D\u00e9butant", "featured": false, "slug": "creer-votre-premier-site-internet", "thumbnail": "8638059748577/8638059748577.jpg", "teacher": 1, "date_created": "2019-10-19T15:45:09.798Z", "language": 1, "drafted": false, "published": false, "students": [1, 14, 25, 59, 70, 81, 82, 83, 88, 92, 98, 101, 105], "categories": [1, 3]}}, {"model": "course.course", "pk": 3, "fields": {"title": "Apprendre Django", "description": "Formation complete Django - Pour d\u00e9butants", "is_free": true, "price": "0.00", "level": "D\u00e9butant", "featured": false, "slug": "apprendre-django", "thumbnail": "4661020013828/4661020013828.png", "teacher": 1, "date_created": "2019-11-11T13:33:13.080Z", "language": 1, "drafted": false, "published": false, "students": [14, 18, 23, 26, 27, 28, 52, 55, 57, 70, 71, 74, 90, 98, 104], "categories": [1, 2, 4]}}, {"model": "course.course", "pk": 4, "fields": {"title": "Python Crash Course - Apprendre Python", "description": "Dans cette vid\u00e9o nous allons apprendre les bases de Python en Fran\u00e7ais.", "is_free": true, "price": "0.00", "level": "D\u00e9butant", "featured": false, "slug": "python-crash-course-apprendre-python", "thumbnail": "9064549144736/9064549144736.png", "teacher": 1, "date_created": "2020-03-18T13:24:02.521Z", "language": 2, "drafted": false, "published": false, "students": [1, 52, 55, 70, 77, 79, 92, 93, 98, 101, 106], "categories": [2]}}, {"model": "course.course", "pk": 5, "fields": {"title": "Apprendre Flask", "description": "Flask est un micro framework Python, tr\u00e8s populaire.\r\nAvec Flask vous pouvez creer des application Web le plus rapidement possible.", "is_free": true, "price": "0.00", "level": "D\u00e9butant", "featured": false, "slug": "apprendre-flask", "thumbnail": "4188679673107/4188679673107.png", "teacher": 1, "date_created": "2020-04-12T20:15:24.849Z", "language": 2, "drafted": false, "published": false, "students": [1, 52, 55, 60, 61, 62, 70, 85, 98, 99], "categories": [2]}}, {"model": "podcast.episode", "pk": 1, "fields": {"title": "Le Talk sur les donn\u00e9es \u00e0 caract\u00e8re personnel", "description": "", "guest": 1, "publisher": 1, "embed": "<iframe src=\"https://anchor.fm/xarala-academy/embed/episodes/Le-Talk-sur-les-donnes--caractre-personnel-avec-Gerard-Dacosta--Xarala-ebeq9k/a-a1mdvak\" height=\"102px\" width=\"400px\" frameborder=\"0\" scrolling=\"no\"></iframe>", "thumbnail": "", "published_at": "2020-03-18"}}, {"model": "podcast.episode", "pk": 2, "fields": {"title": "Le Talk sur comment bien d\u00e9buter en programmation", "description": "Dans cet episode nous parlons sur comment bien debuter en progammation :\r\n\r\n\r\nQuels sont les bases ?\r\n\r\nQuel langage apprendre ?\r\n\r\nQuelle Technologie ?\r\n\r\nComment faire pour avoir un stage ?\r\n\r\nEncore plus...\r\n\r\nAbonnez-vous http://bit.ly/xaralaYouTube\r\n\r\nLiens utils :\r\n\r\nXarala : https://xarala.tech\r\n\r\nFreeCodeCamp : https://freecodecamp.org/\r\n\r\nGrafikart : https://www.youtube.com/user/grafikarttv\r\n\r\nGithub : https://github.com/xarala221\r\n\r\n\r\nSuivez-nous sur les reseaux sociaux :\r\n\r\nTwitter \r\n\r\nElias : https://twitter.com/eliaswalyba\r\n\r\nXarala : https://twitter.com/xarala221\r\n\r\n\r\nN'oubliez pas de partager sur vos reseaux.", "guest": 2, "publisher": 1, "embed": "<iframe src=\"https://anchor.fm/xarala-academy/embed/episodes/Le-Talk-sur-comment-bien-dbuter-en-programmation-avec-Elias-Waly-Ba--Xarala-ecaveo\" height=\"102px\" width=\"400px\" frameborder=\"0\" scrolling=\"no\"></iframe>", "thumbnail": "", "published_at": "2020-04-03"}}]